<?xml version="1.0" encoding="UTF-8" standalone="no"?>
<databaseChangeLog xmlns="http://www.liquibase.org/xml/ns/dbchangelog"
                   xmlns:ext="http://www.liquibase.org/xml/ns/dbchangelog-ext"
                   xmlns:xsi="http://www.w3.org/2001/XMLSchema-instance"
                   xsi:schemaLocation="http://www.liquibase.org/xml/ns/dbchangelog-ext http://www.liquibase.org/xml/ns/dbchangelog/dbchangelog-ext.xsd http://www.liquibase.org/xml/ns/dbchangelog http://www.liquibase.org/xml/ns/dbchangelog/dbchangelog-3.4.xsd">
    
    <changeSet author="witht00" id="1-initial-tables">
        <createTable tableName="delivery">
            <column name="id" type="INTEGER" autoIncrement="true">
                <constraints nullable="false"/>
            </column>
            <column name="uuid" type="UUID">
                <constraints nullable="false"/>
            </column>
            <column name="sender" type="VARCHAR(25)">
                <constraints nullable="false"/>
            </column>
            <column name="created" type="TIMESTAMP">
                <constraints nullable="false"/>
            </column>
            <column name="expiration" type="TIMESTAMP">
                <constraints nullable="false"/>
            </column>
            <column name="version" type="INTEGER">
                <constraints nullable="false"/>
            </column>
        </createTable>

        <createTable tableName="file">
            <column name="id" type="INTEGER" autoIncrement="true">
                <constraints nullable="false"/>
            </column>
            <column name="delivery_id" type="INTEGER">
                <constraints nullable="false"/>
            </column>
            <column name="hash" type="CHAR(64)">
                <constraints nullable="false"/>
            </column>
            <column name="name" type="VARCHAR(255)">
                <constraints nullable="false"/>
            </column>
            <column name="bytes" type="BIGINT">
                <constraints nullable="false"/>
            </column>
            <column name="version" type="INTEGER">
                <constraints nullable="false"/>
            </column>
        </createTable>

        <createTable tableName="receiver">
            <column name="id" type="INTEGER" autoIncrement="true">
                <constraints nullable="false"/>
            </column>
            <column name="delivery_id" type="INTEGER">
                <constraints nullable="false"/>
            </column>
            <column name="userid" type="VARCHAR(255)">
                <constraints nullable="false"/>
            </column>
            <column name="version" type="INTEGER">
                <constraints nullable="false"/>
            </column>
        </createTable>
    </changeSet>

    <changeSet author="witht00" id="1-initial-tables-keys">
        <addPrimaryKey columnNames="id" constraintName="pk_delivery" tableName="delivery"/>

        <addPrimaryKey columnNames="id" constraintName="pk_file" tableName="file"/>
        <addForeignKeyConstraint baseColumnNames="delivery_id" baseTableName="file" constraintName="fk_delivery_id" referencedColumnNames="id" referencedTableName="delivery"/>

        <addPrimaryKey columnNames="id" constraintName="pk_receiver" tableName="receiver"/>
        <addForeignKeyConstraint baseColumnNames="delivery_id" baseTableName="receiver" constraintName="fk_delivery_id" referencedColumnNames="id" referencedTableName="delivery"/>
    </changeSet>
</databaseChangeLog>