<?xml version="1.0" encoding="UTF-8"?>
<assembly xmlns:xsi="http://www.w3.org/2001/XMLSchema-instance" xmlns="http://maven.apache.org/plugins/maven-assembly-plugin/assembly/1.1.2"
          xsi:schemaLocation="http://maven.apache.org/plugins/maven-assembly-plugin/assembly/1.1.2 http://maven.apache.org/xsd/assembly-1.1.2.xsd">

    <id>package</id>

    <formats>
        <format>zip</format>
    </formats>

    <includeBaseDirectory>false</includeBaseDirectory>

    <dependencySets>
        <dependencySet/>
    </dependencySets>

    <files>
        <file>
            <source>Config.xml</source>
            <filtered>true</filtered>
        </file>
        <file>
            <source>adBuildInfo.properties</source>
            <filtered>true</filtered>
        </file>
    </files>
    <fileSets>
        <fileSet>
            <directory>../sharedlibraries/target</directory>
            <outputDirectory>./</outputDirectory>
            <includes>
                <include>*.jar</include>
            </includes>
        </fileSet>
    </fileSets>

</assembly>
