<?xml version="1.0" encoding="UTF-8" standalone="no"?>

<databaseChangeLog xmlns:xsi="http://www.w3.org/2001/XMLSchema-instance" xmlns="http://www.liquibase.org/xml/ns/dbchangelog"
                   xsi:schemaLocation="http://www.liquibase.org/xml/ns/dbchangelog http://www.liquibase.org/xml/ns/dbchangelog/dbchangelog-3.4.xsd">
    <!-- Release: ${version} : build#: ${buildNumber} -->

	<changeSet author="vermr09" id="1">
		<createTable tableName="RELEASE">
			<column name="ID" type="INTEGER" autoIncrement="true">
				<constraints nullable="false"/>
			</column>
			<column name="DOMAIN_KEY" type="VARCHAR(100)">
				<constraints nullable="false"/>
			</column>
			<column name="TAG" type="VARCHAR(100)">
				<constraints nullable="false"/>
			</column>
			<column name="ADMINISTRATOR" type="VARCHAR(10)">
				<constraints nullable="false"/>
			</column>
			<column name="DATE" type="TIMESTAMP">
				<constraints nullable="false"/>
			</column>
		</createTable>
		<modifySql dbms="db2">
			<append value="IN IVAISPACE1"/>
		</modifySql>
	</changeSet>
	<changeSet author="vermr09" id="1k">
		<addPrimaryKey columnNames="ID" constraintName="PK_RELEASE" tableName="RELEASE"/>
		<addUniqueConstraint columnNames="DOMAIN_KEY,TAG" constraintName="UNI_DOMAINKEY_TAG" tableName="RELEASE" />
	</changeSet>
	<changeSet author="vermr09" id="1s">
		<sql>
			GRANT SELECT ON RELEASE TO ROLE APP;
			GRANT INSERT ON RELEASE TO ROLE APP;
			GRANT UPDATE ON RELEASE TO ROLE APP;
			GRANT DELETE ON RELEASE TO ROLE APP;
		</sql>
		<rollback>
			REVOKE ALL ON RELEASE FROM ROLE APP;
		</rollback>
	</changeSet>
	
	<changeSet author="vermr09" id="2">
		<createTable tableName="CHANGE">
			<column name="ID" type="INTEGER" autoIncrement="true">
				<constraints nullable="false"/>
			</column>
			<column name="RELEASE_ID" type="INTEGER">
				<constraints nullable="true"/>
			</column>
			<column name="DOMAIN" type="VARCHAR(100)">
				<constraints nullable="false"/>
			</column>
			<column name="DOMAIN_KEY" type="VARCHAR(100)">
				<constraints nullable="false"/>
			</column>
			<column name="TAG" type="VARCHAR(100)">
				<constraints nullable="false"/>
			</column>
			<column name="SEQUENCE_NO" type="BIGINT">
				<constraints nullable="false"/>
			</column>
			<column name="ADMINISTRATOR" type="VARCHAR(10)">
				<constraints nullable="false"/>
			</column>
			<column name="DATE" type="TIMESTAMP">
				<constraints nullable="false"/>
			</column>
			<column name="SQL" type="VARCHAR(30000)">
				<constraints nullable="false"/>
			</column>
			<column name="ROLLBACK_SQL" type="VARCHAR(30000)">
				<constraints nullable="false"/>
			</column>
		</createTable>
		<modifySql dbms="db2">
			<append value="IN IVAISPACE1"/>
		</modifySql>
	</changeSet>
	<changeSet author="vermr09" id="2k">
		<addPrimaryKey columnNames="ID" constraintName="PK_CHANGE" tableName="CHANGE"/>
		<addForeignKeyConstraint baseColumnNames="RELEASE_ID" baseTableName="CHANGE" constraintName="FK_RELEASE_CHANGE" referencedColumnNames="ID" referencedTableName="RELEASE"/>
	    <addUniqueConstraint columnNames="DOMAIN_KEY,TAG" constraintName="UNI_DOMAIN_TAG" tableName="CHANGE" />
	</changeSet>
	<changeSet author="vermr09" id="2s">
		<sql>
			GRANT SELECT ON CHANGE TO ROLE APP;
			GRANT INSERT ON CHANGE TO ROLE APP;
			GRANT UPDATE ON CHANGE TO ROLE APP;
			GRANT DELETE ON CHANGE TO ROLE APP;
		</sql>
		<rollback>
			REVOKE ALL ON CHANGE FROM ROLE APP;
		</rollback>
	</changeSet>
	
	<changeSet author="vermr09" id="3">
		<createTable tableName="ENVIRONMENT">
			<column name="ID" type="INTEGER" autoIncrement="true">
				<constraints nullable="false"/>
			</column>
			<column name="NAME" type="VARCHAR(30)">
				<constraints nullable="false"/>
			</column>
			<column name="TYPE" type="VARCHAR(30)">
				<constraints nullable="true"/>
			</column>
		</createTable>
		<modifySql dbms="db2">
			<append value="IN IVAISPACE1"/>
		</modifySql>
	</changeSet>
	<changeSet author="vermr09" id="3k">
		<addPrimaryKey columnNames="ID" constraintName="PK_ENVIRONMENT" tableName="ENVIRONMENT"/>
	</changeSet>
	<changeSet author="vermr09" id="3s">
		<sql>
			GRANT SELECT ON RELEASE TO ROLE APP;
			GRANT INSERT ON RELEASE TO ROLE APP;
			GRANT UPDATE ON RELEASE TO ROLE APP;
			GRANT DELETE ON RELEASE TO ROLE APP;
		</sql>
		<rollback>
			REVOKE ALL ON RELEASE FROM ROLE APP;
		</rollback>
	</changeSet>
	<changeSet author="vermr09" id="3d">
		<sql>
			DELETE FROM "ENVIRONMENT";
			
			INSERT INTO "ENVIRONMENT" (name, type)
            VALUES ('ont.str11', 'development');
			
			INSERT INTO "ENVIRONMENT" (name, type)
            VALUES ('ont.str12', 'development');
			
			INSERT INTO "ENVIRONMENT" (name, type)
            VALUES ('ont.str13', 'development');
			
			INSERT INTO "ENVIRONMENT" (name, type)
            VALUES ('tst.str11', 'test');
			
			INSERT INTO "ENVIRONMENT" (name, type)
            VALUES ('tst.str12', 'test');
			
			INSERT INTO "ENVIRONMENT" (name, type)
            VALUES ('tst.str13', 'test');
			
			INSERT INTO "ENVIRONMENT" (name, type)
            VALUES ('acc.str11', 'test');
			
			INSERT INTO "ENVIRONMENT" (name, type)
            VALUES ('acc.str12', 'test');
			
			INSERT INTO "ENVIRONMENT" (name, type)
            VALUES ('acc.str13', 'test');
			
			INSERT INTO "ENVIRONMENT" (name, type)
            VALUES ('opleiding', 'acceptation');
			
			INSERT INTO "ENVIRONMENT" (name, type)
            VALUES ('production', 'production');
 		</sql>
		<rollback>
            DELETE FROM "ENVIRONMENT";
		</rollback>
	</changeSet>
	
	<changeSet author="vermr09" id="4">
		<createTable tableName="RELEASE_ENVIRONMENT">
			<column name="ID" type="INTEGER" autoIncrement="true">
				<constraints nullable="false"/>
			</column>
			<column name="DOMAIN_KEY" type="VARCHAR(100)">
				<constraints nullable="false"/>
			</column>
			<column name="RELEASE_ID" type="INTEGER">
				<constraints nullable="false"/>
			</column>
			<column name="ENVIRONMENT_ID" type="INTEGER">
				<constraints nullable="false"/>
			</column>
			<column name="ADMINISTRATOR" type="VARCHAR(10)">
				<constraints nullable="false"/>
			</column>
			<column name="DEPLOYMENT_DATE" type="TIMESTAMP">
				<constraints nullable="false"/>
			</column>
		</createTable>
		<modifySql dbms="db2">
			<append value="IN IVAISPACE1"/>
		</modifySql>
	</changeSet>
	<changeSet author="vermr09" id="4k">
		<addPrimaryKey columnNames="ID" constraintName="PK_RELEASE_ENVIRONMENT" tableName="RELEASE_ENVIRONMENT"/>
		<addForeignKeyConstraint baseColumnNames="RELEASE_ID" baseTableName="RELEASE_ENVIRONMENT" constraintName="FK_REL_ENV_RELEASE" referencedColumnNames="ID" referencedTableName="RELEASE"/>
		<addForeignKeyConstraint baseColumnNames="ENVIRONMENT_ID" baseTableName="RELEASE_ENVIRONMENT" constraintName="FK_REL_ENV_ENVIRONMENT" referencedColumnNames="ID" referencedTableName="ENVIRONMENT"/>
		<addUniqueConstraint columnNames="DOMAIN_KEY,RELEASE_ID,ENVIRONMENT_ID" constraintName="UNI_DOMAIN_RELEASE_ENVIRONMENT" tableName="RELEASE_ENVIRONMENT" />
	</changeSet>
	<changeSet author="vermr09" id="4s">
		<sql>
			GRANT SELECT ON RELEASE TO ROLE APP;
			GRANT INSERT ON RELEASE TO ROLE APP;
			GRANT UPDATE ON RELEASE TO ROLE APP;
			GRANT DELETE ON RELEASE TO ROLE APP;
		</sql>
		<rollback>
			REVOKE ALL ON RELEASE FROM ROLE APP;
		</rollback>
	</changeSet>
</databaseChangeLog>