<?xml version="1.0" encoding="UTF-8" standalone="no"?>

<databaseChangeLog xmlns:xsi="http://www.w3.org/2001/XMLSchema-instance" xmlns="http://www.liquibase.org/xml/ns/dbchangelog"
                   xsi:schemaLocation="http://www.liquibase.org/xml/ns/dbchangelog http://www.liquibase.org/xml/ns/dbchangelog/dbchangelog-3.4.xsd">

  <property  name="tablespace" value="IHMSPACE1"/>

  <include file="changesets/000-init.xml" relativeToChangelogFile="true"/>

  <!-- 001 - tabel met api-keys ? -->
  <!-- 002 - tabel met constanten / vaste teksten (in de vorm key/value) ? -->

  <include file="changesets/011-kwaliteitenprofiel.xml" relativeToChangelogFile="true"/>
  <include file="changesets/012-functiegroep.xml" relativeToChangelogFile="true"/>
  <include file="changesets/013-functiefamilie.xml" relativeToChangelogFile="true"/>
  <include file="changesets/014-kennisgebied.xml" relativeToChangelogFile="true"/>
  <include file="changesets/015-verklaringomtrentgedrag.xml" relativeToChangelogFile="true"/>
  
  <!-- 021 - tabel met leveranciers (naam + mailadres) ? -->
  
  <include file="changesets/041-toelichting.xml" relativeToChangelogFile="true"/>

  <include file="changesets/051-aanvrager.xml" relativeToChangelogFile="true"/>
  <include file="changesets/052-aanvraag.xml" relativeToChangelogFile="true"/>
  <include file="changesets/053-ervaring.xml" relativeToChangelogFile="true"/>
  <include file="changesets/054-aanvraag-kennisgebied.xml" relativeToChangelogFile="true"/>
  <include file="changesets/055-aanvraag-kwaliteitenprofiel.xml" relativeToChangelogFile="true"/>
  <include file="changesets/056-aanvraag-verklaringomtrentgedrag.xml" relativeToChangelogFile="true"/>



  <changeSet author="hubem00" id="configuration" runAlways="true">
    <validCheckSum>any</validCheckSum>
    <sqlFile path="changesets/911-kwaliteitenprofiel.sql"/>
    <sqlFile path="changesets/912-functiegroep.sql"/>
    <sqlFile path="changesets/913-functiefamilie.sql"/>
    <sqlFile path="changesets/914-kennisgebied.sql"/>
    <sqlFile path="changesets/915-verklaringomtrentgedrag.sql"/>
  </changeSet>
  
</databaseChangeLog>
