<?xml version="1.0" encoding="UTF-8"?>
<Configuration status="DEBUG">
    <Properties>
        <SpringProfile name="default">
            <!-- For running application on OpenShift and Docker -->
            <Property name="splunkUrl">$${env:splunk.url}</Property>
            <Property name="splunkToken">$${env:splunk.token}</Property>
            <Property name="splunkService">$${env:splunk.service}</Property>
            <Property name="splunkLogging">$${env:splunk.logging}</Property>
        </SpringProfile>
        <SpringProfile name="local">
            <!-- For running application locally -->
            <Property name="splunkUrl">${bundle:application-local:splunk.url}</Property>
            <Property name="splunkToken">${bundle:application-local:splunk.token}</Property>
            <Property name="splunkService">${bundle:application-local:splunk.service}</Property>
            <Property name="splunkLogging">${bundle:application-local:splunk.logging}</Property>
        </SpringProfile>
    </Properties>

    <CustomLevels>
        <CustomLevel name="AUDIT" intLevel="250"/>
    </CustomLevels>

    <Appenders>
        <Splunk name="SplunkAppender" url="${splunkUrl}" token="${splunkToken}" service="${splunkService}">
            <PatternLayout>
                <pattern>MM %-5p %m%n</pattern>
            </PatternLayout>
        </Splunk>

        <Console name="LogToConsole" target="SYSTEM_OUT">
            <PatternLayout pattern="%d{HH:mm:ss.SSS} [%t] %-5level %logger{36} - %msg%n"/>
        </Console>

        <RollingFile name="LogToFile" fileName="logs/brievenbus-audit.log"
                     filePattern="logs/brievenbus-audit-%d{yyyy-MM-dd}.log">
            <PatternLayout>
                <Pattern>%d{ISO8601} %-5p [%C.%M()] %m%n</Pattern>
            </PatternLayout>

            <Filters>
                <ThresholdFilter level="error" onMatch="DENY" onMismatch="NEUTRAL"/>
                <ThresholdFilter level="fatal" onMatch="DENY" onMismatch="NEUTRAL"/>
                <ThresholdFilter level="audit" onMatch="ACCEPT" onMismatch="DENY"/>
            </Filters>

            <Policies>
                <TimeBasedTriggeringPolicy interval="1" modulate="true"/>
            </Policies>
        </RollingFile>

        <RollingFile name="LogConsoleToFile" fileName="logs/brievenbus-console.log"
                     filePattern="logs/brievenbus-console-%d{yyyy-MM-dd}.log">
            <PatternLayout>
                <Pattern>%d{ISO8601} %-5p [%C.%M()] %m%n</Pattern>
            </PatternLayout>

            <Policies>
                <TimeBasedTriggeringPolicy interval="1" modulate="true"/>
            </Policies>
        </RollingFile>
    </Appenders>

    <Loggers>
        <Root level="error">
            <AppenderRef ref="LogToConsole" level="debug" additivity="false"/>
            <AppenderRef ref="LogToFile" level="audit" additivity="false"/>
            <AppenderRef ref="SplunkAppender" level="all" additivity="false">
                <ScriptFilter onMatch="ACCEPT" onMisMatch="DENY">
                    <Script name="onOff" language="groovy">
                        <![CDATA[
                            return "${splunkLogging}".toLowerCase() != "off" ? true : false;
                        ]]>
                    </Script>
                </ScriptFilter>
            </AppenderRef>
            <AppenderRef ref="LogConsoleToFile" level="debug" additivity="false"/>
        </Root>
    </Loggers>
</Configuration>