<?xml version="1.0" encoding="UTF-8"?>
<application xmlns="http://java.sun.com/xml/ns/javaee" xmlns:xsi="http://www.w3.org/2001/XMLSchema-instance" xsi:schemaLocation="http://java.sun.com/xml/ns/javaee http://java.sun.com/xml/ns/javaee/application_6.xsd" version="6">
  <description>Ear</description>
  <display-name>inzicht-ear</display-name>
  <module>
    <web>
      <web-uri>inzicht-war-3.68.0-SNAPSHOT.war</web-uri>
      <context-root>/inzicht</context-root>
    </web>
  </module>
  <security-role>
    <role-name>inzicht.user</role-name>
  </security-role>
  <security-role>
    <role-name>inzicht.niet_winst.user</role-name>
  </security-role>
  <security-role>
    <role-name>inzicht.niet_winst.vip</role-name>
  </security-role>
  <security-role>
    <role-name>inzicht.di.user</role-name>
  </security-role>
  <security-role>
    <role-name>inzicht.di.vip</role-name>
  </security-role>
  <security-role>
    <role-name>inzicht.zaakadmin.user</role-name>
  </security-role>
  <security-role>
    <role-name>inzicht.analytics.user</role-name>
  </security-role>
  <security-role>
    <role-name>inzicht.signals.user</role-name>
  </security-role>
  <security-role>
    <role-name>inzicht.documenten.user</role-name>
  </security-role>
  <security-role>
    <role-name>inzicht.documenten.vip</role-name>
  </security-role>
</application>