<Configuration>
    <Properties>
        <Property name="filename">${sys:APP_LOG_ROOT}/@project@/@project@-@version@-@omgeving@-@straat@.log</Property>
    </Properties>
    <Appenders>
        <RollingFile name="RollingFileAppender" fileName="${filename}" filePattern="${filename}.%d{yyyy-MM-dd}">
            <PatternLayout>
                <pattern>%d{yyyy-MM-dd HH:mm:ss.SSS} %-5p %m%n</pattern>
            </PatternLayout>
            <Policies>
                <TimeBasedTriggeringPolicy interval="1" modulate="true"/>
            </Policies>
            <DefaultRolloverStrategy>
                <Delete basePath="${sys:APP_LOG_ROOT}/@project@/" maxDepth="1">
                    <IfFileName glob="@project@-*-@omgeving@*log*"/>
                    <IfLastModified age="14d"/>
                </Delete>
            </DefaultRolloverStrategy>
        </RollingFile>
    </Appenders>
    <Loggers>
        <Logger name="@groupid@.inzicht" level="@loglevel@" additivity="false">
            <AppenderRef ref="RollingFileAppender"/>
        </Logger>
        <Logger name="@groupid@.inzicht.service.AbstractRestService" level="INFO" additivity="false">
            <AppenderRef ref="RollingFileAppender"/>
        </Logger>
        <Logger name="@groupid@.inzicht.service.login.LoginService" level="INFO" additivity="false">
            <AppenderRef ref="RollingFileAppender"/>
        </Logger>
        <Logger name="@groupid@.inzicht.service.login.SSOServlet" level="INFO" additivity="false">
            <AppenderRef ref="RollingFileAppender"/>
        </Logger>
        <Root level="error" additivity="false">
            <AppenderRef ref="RollingFileAppender"/>
        </Root>
    </Loggers>
</Configuration>