<?xml version="1.0" encoding="UTF-8"?>
<Configuration status="DEBUG">
    <CustomLevels>
        <CustomLevel name="AUDIT" intLevel="250"/>
    </CustomLevels>

    <Appenders>
        <Console name="LogToConsole" target="SYSTEM_OUT">
            <PatternLayout pattern="%d{HH:mm:ss.SSS} [%t] %-5level %logger{36} - %msg%n"/>
        </Console>

        <RollingFile name="LogToFile" fileName="logs/configurator-audit.log"
                     filePattern="logs/configurator-audit-%d{yyyy-MM-dd}.log">
            <PatternLayout>
                <Pattern>%d{ISO8601} %-5p [%C.%M()] %m%n</Pattern>
            </PatternLayout>

            <Filters>
                <ThresholdFilter level="error" onMatch="DENY" onMismatch="NEUTRAL"/>
                <ThresholdFilter level="fatal" onMatch="DENY" onMismatch="NEUTRAL"/>
                <ThresholdFilter level="audit" onMatch="ACCEPT" onMismatch="DENY"/>
            </Filters>

            <Policies>
                <TimeBasedTriggeringPolicy interval="1" modulate="true"/>
            </Policies>
        </RollingFile>

        <RollingFile name="LogConsoleToFile" fileName="logs/configurator-console.log"
                     filePattern="logs/configurator-console-%d{yyyy-MM-dd}.log">
            <PatternLayout>
                <Pattern>%d{ISO8601} %-5p [%C.%M()] %m%n</Pattern>
            </PatternLayout>

            <Policies>
                <TimeBasedTriggeringPolicy interval="1" modulate="true"/>
            </Policies>
        </RollingFile>
    </Appenders>

    <Loggers>
        <Root level="error">
            <AppenderRef ref="LogToConsole" level="debug" additivity="false"/>
            <AppenderRef ref="LogToFile" level="audit" additivity="false"/>
            <AppenderRef ref="LogConsoleToFile" level="debug" additivity="false"/>
        </Root>
    </Loggers>
</Configuration>