<?xml version="1.0" encoding="UTF-8" standalone="no"?>
<databaseChangeLog xmlns:xsi="http://www.w3.org/2001/XMLSchema-instance" xmlns="http://www.liquibase.org/xml/ns/dbchangelog"
    xsi:schemaLocation="http://www.liquibase.org/xml/ns/dbchangelog http://www.liquibase.org/xml/ns/dbchangelog/dbchangelog-3.4.xsd">
    <changeSet author="weera09" id="01_api_key" runAlways="true" context="ONT or TST">
        <validCheckSum>ANY</validCheckSum>
        <sqlFile path="changesets/pgsv-api-key-ont-tst.sql"/>
    </changeSet>
    <changeSet author="weera09" id="02_api_key" runAlways="true" context="ACC">
	<validCheckSum>ANY</validCheckSum>
        <sqlFile path="changesets/pgsv-api-key-acc.sql"/>
    </changeSet>
    <changeSet author="wiggj02" id="03_api_key" runAlways="true" context="PRD">
	<validCheckSum>ANY</validCheckSum>
        <sqlFile path="changesets/pgsv-api-key-prd.sql"/>
    </changeSet>
</databaseChangeLog>
