<databaseChangeLog xmlns="http://www.liquibase.org/xml/ns/dbchangelog" xmlns:ext="http://www.liquibase.org/xml/ns/dbchangelog-ext" xmlns:xsi="http://www.w3.org/2001/XMLSchema-instance" xsi:schemaLocation="http://www.liquibase.org/xml/ns/dbchangelog http://www.liquibase.org/xml/ns/dbchangelog/dbchangelog-3.4.xsd http://www.liquibase.org/xml/ns/dbchangelog-ext http://www.liquibase.org/xml/ns/dbchangelog/dbchangelog-ext.xsd">
	<changeSet author="tinto00" id="1980">
        <createTable tableName="API_KEY">
			<column name="ID" type="INTEGER" autoIncrement="true">
                <constraints nullable="false"/>
            </column>
			<column name="API_KEY" type="VARCHAR(50)">
                <constraints nullable="false"/>
            </column>
			<column name="CUSTOMER" type="CHAR(8)">
                <constraints nullable="false"/>
            </column>
			<column name="AUTHORIZED_METHODS" type="VARCHAR(250)">
                <constraints nullable="false"/>
            </column>
		</createTable>
        <modifySql dbms="db2">
            <append value=" IN THLSPACE1"/>
        </modifySql>
	</changeSet>
	<changeSet author="tinto00" id="1980k">
		<addPrimaryKey columnNames="ID" constraintName="PK_API_KEY" tableName="API_KEY"/>
	</changeSet>
	<changeSet author="tinto00" id="1s">
		<sql>
            GRANT SELECT ON API_KEY TO ROLE APP;
            GRANT INSERT ON API_KEY TO ROLE APP;
            GRANT UPDATE ON API_KEY TO ROLE APP;
            GRANT DELETE ON API_KEY TO ROLE APP;
       </sql>
		<rollback>
            REVOKE ALL ON API_KEY FROM ROLE APP;    
        </rollback>
	</changeSet>
</databaseChangeLog>
