<databaseChangeLog xmlns="http://www.liquibase.org/xml/ns/dbchangelog"
                   xmlns:ext="http://www.liquibase.org/xml/ns/dbchangelog-ext"
                   xmlns:xsi="http://www.w3.org/2001/XMLSchema-instance"
                   xsi:schemaLocation="http://www.liquibase.org/xml/ns/dbchangelog http://www.liquibase.org/xml/ns/dbchangelog/dbchangelog-3.4.xsd http://www.liquibase.org/xml/ns/dbchangelog-ext http://www.liquibase.org/xml/ns/dbchangelog/dbchangelog-ext.xsd">
    <changeSet author="weera09" id="1a">
        <createTable tableName="VERWERKING">
            <column name="ID" type="INTEGER" autoIncrement="true">
                <constraints nullable="false"/>
            </column>
	    <column name="VERSION" type="INTEGER"></column>
            <column name="CORRELATION_ID" type="VARCHAR(50)"></column>
            <column name="START" type="TIMESTAMP"></column>
            <column name="EIND" type="TIMESTAMP"></column>
            <column name="REQUEST_TYPE" type="VARCHAR(15)"></column>
            <column name="AANTAL_REC_REQ" type="INTEGER"></column>
            <column name="AANTAL_REC_RESP" type="INTEGER"></column>
        </createTable>
        <modifySql dbms="db2">
            <append value=" IN THLSPACE1"/>
        </modifySql>
    </changeSet>
    <changeSet author="weera09" id="1b">
        <addPrimaryKey columnNames="ID" constraintName="PK_VERWERKING" tableName="VERWERKING"/>
    </changeSet>
    <changeSet author="weera09" id="1c">
        <sql>
            GRANT SELECT ON VERWERKING TO ROLE APP;
            GRANT INSERT ON VERWERKING TO ROLE APP;
            GRANT UPDATE ON VERWERKING TO ROLE APP;
            GRANT DELETE ON VERWERKING TO ROLE APP;
        </sql>
        <rollback>
            REVOKE ALL ON VERWERKING FROM ROLE APP;
        </rollback>
    </changeSet>
    <changeSet author="weera09" id="2a">
        <createTable tableName="PROBLEM">
            <column name="ID" type="INTEGER" autoIncrement="true">
                <constraints nullable="false"/>
            </column>
	    <column name="VERSION" type="INTEGER"></column>
            <column name="VERWERKING_ID" type="INTEGER">
                <constraints nullable="false"/>
            </column>
            <column name="MOMENT" type="TIMESTAMP"></column>
            <column name="ERROR" type="CLOB"></column>
        </createTable>
        <modifySql dbms="db2">
            <append value=" IN THLSPACE1"/>
        </modifySql>
    </changeSet>
    <changeSet author="weera09" id="2b">
        <addPrimaryKey columnNames="ID" constraintName="PK_PROBLEM" tableName="PROBLEM"/>
    </changeSet>
    <changeSet author="weera09" id="2c">
        <sql>
            GRANT SELECT ON PROBLEM TO ROLE APP;
            GRANT INSERT ON PROBLEM TO ROLE APP;
            GRANT UPDATE ON PROBLEM TO ROLE APP;
            GRANT DELETE ON PROBLEM TO ROLE APP;
        </sql>
        <rollback>
            REVOKE ALL ON PROBLEM FROM ROLE APP;
        </rollback>
    </changeSet>
    <changeSet author="weera09" id="2d">
        <addForeignKeyConstraint baseColumnNames="VERWERKING_ID" baseTableName="PROBLEM" constraintName="RELACTIVE"
                                 deferrable="false" initiallyDeferred="false"
                                 onDelete="CASCADE" onUpdate="NO ACTION" referencedColumnNames="ID"
                                 referencedTableName="VERWERKING"/>
    </changeSet>
</databaseChangeLog>
