<databaseChangeLog xmlns="http://www.liquibase.org/xml/ns/dbchangelog" xmlns:ext="http://www.liquibase.org/xml/ns/dbchangelog-ext" xmlns:xsi="http://www.w3.org/2001/XMLSchema-instance" xsi:schemaLocation="http://www.liquibase.org/xml/ns/dbchangelog http://www.liquibase.org/xml/ns/dbchangelog/dbchangelog-3.4.xsd http://www.liquibase.org/xml/ns/dbchangelog-ext http://www.liquibase.org/xml/ns/dbchangelog/dbchangelog-ext.xsd">
	<changeSet author="dekkj15" id="IVATHL-55-FEATURE-1">
		<createTable tableName="FEATURE" tablespace="THLSPACE1">
			<column name="NAME" type="VARCHAR(256)">
				<constraints nullable="false" primaryKey="true" primaryKeyName="PK_FEATURE"/>
			</column>
			<column name="ENABLED_SINCE_TS" type="DATETIME">
				<constraints nullable="true"/>
			</column>
			<column name="DESCRIPTION" type="VARCHAR(256)">
				<constraints nullable="false"/>
			</column>
		</createTable>
	</changeSet>
	<changeSet author="dekkj15" id="IVATHL-55-FEATURE-2">
		<sql>
			GRANT SELECT, INSERT, UPDATE, DELETE
				ON FEATURE
				TO ROLE APP;
		</sql>
		<rollback>
			REVOKE ALL
				ON FEATURE
				FROM ROLE APP;
		</rollback>
	</changeSet>
</databaseChangeLog>
