<databaseChangeLog xmlns="http://www.liquibase.org/xml/ns/dbchangelog" xmlns:ext="http://www.liquibase.org/xml/ns/dbchangelog-ext" xmlns:xsi="http://www.w3.org/2001/XMLSchema-instance" xsi:schemaLocation="http://www.liquibase.org/xml/ns/dbchangelog http://www.liquibase.org/xml/ns/dbchangelog/dbchangelog-3.4.xsd http://www.liquibase.org/xml/ns/dbchangelog-ext http://www.liquibase.org/xml/ns/dbchangelog/dbchangelog-ext.xsd">
	<changeSet author="dekkj15" id="IVATHL-55-FEATURE-MESSAGE-HANDLERS-1" runAlways="true" context="ONT or TST">
		<validCheckSum>ANY</validCheckSum>
		<sqlFile path="changesets/feature-message-handlers-ont-tst.sql"/>
	</changeSet>
	<changeSet author="dekkj15" id="IVATHL-55-FEATURE-MESSAGE-HANDLERS-2" runAlways="true" context="ACC">
		<validCheckSum>ANY</validCheckSum>
		<sqlFile path="changesets/feature-message-handlers-acc.sql"/>
	</changeSet>
	<changeSet author="dekkj15" id="IVATHL-55-FEATURE-MESSAGE-HANDLERS-3" runAlways="true" context="PRD">
		<validCheckSum>ANY</validCheckSum>
		<sqlFile path="changesets/feature-message-handlers-prd.sql"/>
	</changeSet>
</databaseChangeLog>