<?xml version="1.0" encoding="UTF-8" standalone="no"?>
<databaseChangeLog xmlns="http://www.liquibase.org/xml/ns/dbchangelog" xmlns:ext="http://www.liquibase.org/xml/ns/dbchangelog-ext" xmlns:xsi="http://www.w3.org/2001/XMLSchema-instance" xsi:schemaLocation="http://www.liquibase.org/xml/ns/dbchangelog http://www.liquibase.org/xml/ns/dbchangelog/dbchangelog-3.4.xsd http://www.liquibase.org/xml/ns/dbchangelog-ext http://www.liquibase.org/xml/ns/dbchangelog/dbchangelog-ext.xsd">
  <!-- Release: ${version} : build#: ${buildNumber} -->
  <!-- defaultContexts supported from liquiBase version 3.5 -->
  <!-- defaultContexts>ONT</defaultContexts -->
  <include file="Create_tablespace.xml" relativeToChangelogFile="true"/>
  <include file="Create_apikey_table.xml" relativeToChangelogFile="true"/>
  <include file="Create_TrackAndTrace_table.xml" relativeToChangelogFile="true"/>
  <include file="IVATHL-55-Create_Feature_table.xml" relativeToChangelogFile="true"/>
  <include file="IVATHL-55-Feature_Message_handlers.xml" relativeToChangelogFile="true"/>
  <include file="IVATHL-83-Verwerking_correlationId.xml" relativeToChangelogFile="true"/>
  <include file="IVAM-1170-AlterTable-problem.xml" relativeToChangelogFile="true"/>

  <include file="AddApiKeys.xml" relativeToChangelogFile="true"/>
</databaseChangeLog>
