{
  "properties": [
    {
      "name": "iva.spring.batch.groupId",
      "type": "java.lang.String",
      "description": "Maven groupId property."
    },
    {
      "name": "iva.spring.batch.artifactId",
      "type": "java.lang.String",
      "description": "Maven artifactId property."
    },
    {
      "name": "iva.spring.batch.name",
      "type": "java.lang.String",
      "description": "Maven name property."
    },
    {
      "name": "iva.spring.batch.description",
      "type": "java.lang.String",
      "description": "Maven description property."
    },
    {
      "name": "iva.spring.batch.version",
      "type": "java.lang.String",
      "description": "Maven version property."
    },
    {
      "name": "iva.spring.batch.contact.name",
      "type": "java.lang.String",
      "description": "Name of the best Belastingdienst IT team that ever was and will be."
    },
    {
      "name": "iva.spring.batch.contact.url",
      "type": "java.lang.String",
      "description": "Link to documentation."
    },
    {
      "name": "iva.spring.batch.contact.email",
      "type": "java.lang.String",
      "description": "Contact e-mail."
    },
    {
      "name": "iva.spring.batch.documentation.description",
      "type": "java.lang.String",
      "description": "Title of documentation."
    },
    {
      "name": "iva.spring.batch.documentation.url",
      "type": "java.lang.String",
      "description": "Url to documentation."
    },
    {
      "name": "iva.spring.batch.gmv.rest.baseurl",
      "type": "java.lang.String",
      "description": "Base url to connect to GMV backend REST service."
    },
    {
      "name": "iva.spring.batch.gmv.rest.apikey",
      "type": "java.lang.String",
      "description": "API key used to connect to GMV backend REST service."
    }
  ] }
