<?xml version="1.0" encoding="UTF-8"?>
<assembly xmlns="http://maven.apache.org/plugins/maven-assembly-plugin/assembly/1.1.2" xmlns:xsi="http://www.w3.org/2001/XMLSchema-instance" xsi:schemaLocation="http://maven.apache.org/plugins/maven-assembly-plugin/assembly/1.1.2 http://maven.apache.org/xsd/assembly-1.1.2.xsd">

	<id>package</id>

	<formats>
		<format>zip</format>
	</formats>

	<baseDirectory>/</baseDirectory>
	<includeBaseDirectory>false</includeBaseDirectory>

	<fileSets>
		<fileSet>
			<outputDirectory>./</outputDirectory>
			<directory>Liquibase</directory>
			<includes>
				<include>**/*.xml</include>
				<include>**/*.sql</include>
			</includes>
			<filtered>false</filtered>
			<excludes>
				<exclude>iva-inzicht.xml</exclude>
				<exclude>.idea</exclude>
			</excludes>
		</fileSet>
		<fileSet>
			<outputDirectory>./</outputDirectory>
			<directory>Liquibase</directory>
			<includes>
				<include>iva-inzicht.xml</include>
			</includes>
			<filtered>true</filtered>
		</fileSet>
	</fileSets>

</assembly>