<?xml version="1.0" encoding="UTF-8" standalone="yes"?>
<projectConfiguration>
    <configVersion>2</configVersion>
    <relativeTo>WORKSPACE</relativeTo>
    <variable name="${CURDIR}" value="."/>
    <variable name="${/}" value="\"/>
    <variable name="${ENVIRONMENT}" value="str11.ont"/>
    <referencedLibrary type="PYTHON" name="DatabaseLibrary" path="C:/Python37/Lib/site-packages/DatabaseLibrary/__init__.py"/>
    <referencedLibrary type="PYTHON" name="json" path="C:/Python37/Lib/json/__init__.py"/>
    <referencedLibrary type="PYTHON" name="openpyxl.reader.excel" path="C:/Python37/lib/site-packages/openpyxl/reader/excel.py"/>
    <referencedLibrary type="PYTHON" name="RequestsLibrary" path="C:/Python37/Lib/site-packages/RequestsLibrary/__init__.py"/>
    <referencedLibrary type="PYTHON" name="feedback" path="robot/testsuites/10_Framework/080_Feedback/feedback.py"/>
    <pythonpath/>
    <classpath/>
    <excludedForValidation/>
    <isValidatedFileSizeCheckingEnabled>true</isValidatedFileSizeCheckingEnabled>
    <validatedFileMaxSize>1024</validatedFileMaxSize>
</projectConfiguration>
