<?xml version="1.0" encoding="UTF-8"?>
<Configuration>
    <Properties>
        <Property name="url">${bundle:application:splunk.url}</Property>
        <Property name="token">${bundle:application:splunk.token}</Property>
        <Property name="service">${bundle:application:splunk.service}</Property>
        <Property name="loglevel.nl">$${env:logging.level.nl:-${bundle:application:logging.level.nl}}</Property>
        <Property name="loglevel.root">$${env:logging.level.root:-${bundle:application:logging.level.root}}</Property>
        <Property name="info-channel">$${env:mattermost.info.channel:-${bundle:application:mattermost.info.channel}}</Property>
        <Property name="warn-channel">$${env:mattermost.warn.channel:-${bundle:application:mattermost.warn.channel}}</Property>
        <Property name="error-channel">$${env:mattermost.error.channel:-${bundle:application:mattermost.error.channel}}</Property>

    </Properties>
    <Appenders>
        <Splunk name="SplunkAppender" url="${url}" token="${token}" service="${service}">
            <PatternLayout>
                <pattern>MM %-5p %m%n</pattern>
            </PatternLayout>
        </Splunk>
        <Console name="Console">
            <PatternLayout>
                <pattern>%d{yyyy-MM-dd HH:mm:ss.SSS} %-5p [%C{-2}.%M()] %m%n</pattern>
            </PatternLayout>
        </Console>

        <Mattermost name="MatterMostInfo" channel="${info-channel}">
            <filters>
                <MarkerFilter marker="MatterMost" onMatch="NEUTRAL" onMismatch="DENY"/>
                <ThresholdFilter level="WARN" onMatch="DENY" onMismatch="NEUTRAL"/>
                <ThresholdFilter level="INFO" onMatch="ACCEPT" onMismatch="DENY"/>
            </filters>
            <PatternLayout>
                <pattern>MM %-5p %m%n</pattern>
            </PatternLayout>
        </Mattermost>

        <Mattermost name="MatterMostWarn" channel="${warn-channel}">
            <filters>
                <MarkerFilter marker="MatterMost" onMatch="NEUTRAL" onMismatch="DENY"/>
                <ThresholdFilter level="ERROR" onMatch="DENY" onMismatch="NEUTRAL"/>
                <ThresholdFilter level="WARN" onMatch="ACCEPT" onMismatch="DENY"/>
            </filters>
            <PatternLayout>
                <pattern>MM %-5p %m%n</pattern>
            </PatternLayout>
        </Mattermost>

        <Mattermost name="MatterMostError" channel="${error-channel}">
            <filters>
                <MarkerFilter marker="MatterMost" onMatch="NEUTRAL" onMismatch="DENY"/>
                <ThresholdFilter level="ERROR" onMatch="ACCEPT" onMismatch="DENY"/>
            </filters>
            <PatternLayout>
                <pattern>MM %-5p %m%n</pattern>
            </PatternLayout>
        </Mattermost>
    </Appenders>


    <Loggers>
        <Root>
            <AppenderRef ref="Console" level="${loglevel.root}"/>
            <AppenderRef ref="SplunkAppender" level="${loglevel.root}"/>
        </Root>


        <Logger name="nl" additivity="false">
            <AppenderRef ref="SplunkAppender" level="${loglevel.nl}"/>
            <AppenderRef ref="Console" level="${loglevel.nl}"/>
            <AppenderRef ref="MatterMostInfo" level="INFO"/>
            <AppenderRef ref="MatterMostWarn" level="WARN"/>
            <AppenderRef ref="MatterMostError" level="ERROR"/>
        </Logger>
    </Loggers>

</Configuration>
