<?xml version="1.0" encoding="UTF-8"?>
<Configuration>
    <Properties>
        <Property name="url">${bundle:application:splunk.url}</Property>
        <Property name="token">${bundle:application:splunk.token}</Property>
        <Property name="service">${bundle:application:splunk.service}</Property>
    </Properties>
    <Appenders>
        <Splunk name="SplunkAppender" url="${url}" token="${token}" service="${service}">
            <PatternLayout>
                <pattern>MM %-5p %m%n</pattern>
            </PatternLayout>
        </Splunk>
        <Console name="Console">
            <PatternLayout>
                <pattern>%d{yyyy-MM-dd HH:mm:ss.SSS} %-5p [%C{-2}.%M()] %m%n</pattern>
            </PatternLayout>
        </Console>
    </Appenders>


    <Loggers>
        <Root level="all">
            <AppenderRef ref="Console" level="INFO" />
            <AppenderRef ref="SplunkAppender" level="INFO"></AppenderRef>
        </Root>
        <Logger name="nl" additivity="false">
            <AppenderRef ref="SplunkAppender"/>
            <AppenderRef ref="Console" />
        </Logger>
    </Loggers>

</Configuration>
