<?xml version="1.0" encoding="UTF-8" standalone="no"?>
<databaseChangeLog xmlns:xsi="http://www.w3.org/2001/XMLSchema-instance" xmlns="http://www.liquibase.org/xml/ns/dbchangelog"
    xsi:schemaLocation="http://www.liquibase.org/xml/ns/dbchangelog http://www.liquibase.org/xml/ns/dbchangelog/dbchangelog-3.4.xsd">

    <!-- Inhoud van Excel sheet Kwaliteitsraamwerk I(v), kolommen B - F, AF, AG -->

    <changeSet author="hubem00" id="011-kwaliteitenprofiel-table">
		<createTable tablespace="${tablespace}" tableName="KWALITEITENPROFIEL">
			<column name="ID" type="INTEGER" autoIncrement="true">
				<constraints nullable="false"/>
			</column>
			<column name="INDEX" type="INTEGER">
				<constraints nullable="false"/>
			</column>
			<!-- begin/eind-datum? -->

			<column name="HOOFDGROEP" type="VARCHAR(20)">
				<constraints nullable="false"/>
			</column>
			<column name="CODE" type="VARCHAR(10)">
				<constraints nullable="false"/>
			</column>
			<column name="NAAM" type="VARCHAR(100)">
				<constraints nullable="false"/>
			</column>
			<column name="TOELICHTING" type="VARCHAR(4000)">
			</column>
			<column name="OPLEIDINGSVOORBEELD" type="VARCHAR(1000)">
			</column>
		</createTable>
    </changeSet>

    <changeSet author="hubem00" id="011-kwaliteitenprofiel-primarykey">
		<addPrimaryKey columnNames="ID" constraintName="PK_KWALITEITENPROFIEL" tableName="KWALITEITENPROFIEL"/>
	</changeSet>

	<changeSet author="hubem00" id="011-kwaliteitenprofiel-role">
		<sql>
			GRANT SELECT ON KWALITEITENPROFIEL TO ROLE APP;
			GRANT INSERT ON KWALITEITENPROFIEL TO ROLE APP;
			GRANT UPDATE ON KWALITEITENPROFIEL TO ROLE APP;
			GRANT DELETE ON KWALITEITENPROFIEL TO ROLE APP;
		</sql>
		<rollback>
			REVOKE ALL ON KWALITEITENPROFIEL FROM ROLE APP;
		</rollback>
	</changeSet>
</databaseChangeLog>
