<?xml version="1.0" encoding="UTF-8" standalone="no"?>
<databaseChangeLog xmlns:xsi="http://www.w3.org/2001/XMLSchema-instance" xmlns="http://www.liquibase.org/xml/ns/dbchangelog"
    xsi:schemaLocation="http://www.liquibase.org/xml/ns/dbchangelog http://www.liquibase.org/xml/ns/dbchangelog/dbchangelog-3.4.xsd">

    <!-- Inhoud van Excel sheet Kwaliteitsraamwerk I(v), kolommen T - AE -->

    <changeSet author="hubem00" id="013-functiefamilie-table">
		<createTable tablespace="${tablespace}" tableName="FUNCTIEFAMILIE">
			<column name="ID" type="INTEGER" autoIncrement="true">
				<constraints nullable="false"/>
			</column>
			<column name="INDEX" type="INTEGER">
				<constraints nullable="false"/>
			</column>
			<!-- begin/eind-datum? -->
			<column name="KWALITEITENPROFIEL_ID" type="INTEGER">
			</column>
			<column name="FUNCTIEGROEP_ID" type="INTEGER">
			</column>

			<column name="NAAM" type="VARCHAR(100)">
				<constraints nullable="false"/>
			</column>
		</createTable>
    </changeSet>

    <changeSet author="hubem00" id="013-functiefamilie-primarykey">
		<addPrimaryKey columnNames="ID" constraintName="PK_FUNCTIEFAMILIE" tableName="FUNCTIEFAMILIE"/>
	</changeSet>

    <changeSet author="hubem00" id="013-functiefamilie-foreignkey">
		<addForeignKeyConstraint baseColumnNames="KWALITEITENPROFIEL_ID" baseTableName="FUNCTIEFAMILIE" constraintName="FK_FUNCTIEFAMILIE_KWALITEITENPROFIEL" referencedColumnNames="ID" referencedTableName="KWALITEITENPROFIEL"/>
		<addForeignKeyConstraint baseColumnNames="FUNCTIEGROEP_ID" baseTableName="FUNCTIEFAMILIE" constraintName="FK_FUNCTIEFAMILIE_FUNCTIEGROEP" referencedColumnNames="ID" referencedTableName="FUNCTIEGROEP"/>
	</changeSet>

	<changeSet author="hubem00" id="013-functiefamilie-role">
		<sql>
			GRANT SELECT ON FUNCTIEFAMILIE TO ROLE APP;
			GRANT INSERT ON FUNCTIEFAMILIE TO ROLE APP;
			GRANT UPDATE ON FUNCTIEFAMILIE TO ROLE APP;
			GRANT DELETE ON FUNCTIEFAMILIE TO ROLE APP;
		</sql>
		<rollback>
			REVOKE ALL ON FUNCTIEFAMILIE FROM ROLE APP;
		</rollback>
	</changeSet>
</databaseChangeLog>
