<?xml version="1.0" encoding="UTF-8" standalone="no"?>
<databaseChangeLog xmlns:xsi="http://www.w3.org/2001/XMLSchema-instance" xmlns="http://www.liquibase.org/xml/ns/dbchangelog"
    xsi:schemaLocation="http://www.liquibase.org/xml/ns/dbchangelog http://www.liquibase.org/xml/ns/dbchangelog/dbchangelog-3.4.xsd">

    <changeSet author="hubem00" id="041-toelichting-table">
		<createTable tablespace="${tablespace}" tableName="TOELICHTING">
			<column name="ID" type="INTEGER" autoIncrement="true">
				<constraints nullable="false"/>
			</column>
			<!-- begin/eind-datum? -->

			<column name="TEKST" type="VARCHAR(4000)">
				<constraints nullable="false"/>
			</column>
		</createTable>
    </changeSet>

    <changeSet author="hubem00" id="041-toelichting-primarykey">
		<addPrimaryKey columnNames="ID" constraintName="PK_TOELICHTING" tableName="TOELICHTING"/>
	</changeSet>

	<changeSet author="hubem00" id="041-toelichting-role">
		<sql>
			GRANT SELECT ON TOELICHTING TO ROLE APP;
			GRANT INSERT ON TOELICHTING TO ROLE APP;
			GRANT UPDATE ON TOELICHTING TO ROLE APP;
			GRANT DELETE ON TOELICHTING TO ROLE APP;
		</sql>
		<rollback>
			REVOKE ALL ON TOELICHTING FROM ROLE APP;
		</rollback>
	</changeSet>
</databaseChangeLog>
