<?xml version="1.0" encoding="UTF-8" standalone="no"?>
<databaseChangeLog xmlns:xsi="http://www.w3.org/2001/XMLSchema-instance" xmlns="http://www.liquibase.org/xml/ns/dbchangelog"
    xsi:schemaLocation="http://www.liquibase.org/xml/ns/dbchangelog http://www.liquibase.org/xml/ns/dbchangelog/dbchangelog-3.4.xsd">

    <changeSet author="hubem00" id="051-aanvrager-table">
		<createTable tablespace="${tablespace}" tableName="AANVRAGER">
			<column name="ID" type="INTEGER" autoIncrement="true">
				<constraints nullable="false"/>
			</column>
			<column name="USERID" type="VARCHAR(20)">
				<constraints nullable="false"/>
			</column>
			
			<column name="DEPARTEMENT" type="VARCHAR(100)">
				<constraints nullable="false"/>
			</column>
			<column name="DIENST" type="VARCHAR(100)">
				<constraints nullable="false"/>
			</column>
			<column name="AFDELING" type="VARCHAR(100)">
				<constraints nullable="false"/>
			</column>
			<column name="INHURENDMANAGER" type="VARCHAR(200)">
				<constraints nullable="false"/>
			</column>
			
            <!-- kostenplaats / eenheid / formatieplaats? -->

		</createTable>
    </changeSet>

    <changeSet author="hubem00" id="051-aanvrager-primarykey">
		<addPrimaryKey columnNames="ID" constraintName="PK_AANVRAGER" tableName="AANVRAGER"/>
	</changeSet>

	<changeSet author="hubem00" id="051-aanvrager-role">
		<sql>
			GRANT SELECT ON AANVRAGER TO ROLE APP;
			GRANT INSERT ON AANVRAGER TO ROLE APP;
			GRANT UPDATE ON AANVRAGER TO ROLE APP;
			GRANT DELETE ON AANVRAGER TO ROLE APP;
		</sql>
		<rollback>
			REVOKE ALL ON AANVRAGER FROM ROLE APP;
		</rollback>
	</changeSet>
</databaseChangeLog>
