<?xml version="1.0" encoding="UTF-8" standalone="no"?>
<databaseChangeLog xmlns:xsi="http://www.w3.org/2001/XMLSchema-instance" xmlns="http://www.liquibase.org/xml/ns/dbchangelog"
    xsi:schemaLocation="http://www.liquibase.org/xml/ns/dbchangelog http://www.liquibase.org/xml/ns/dbchangelog/dbchangelog-3.4.xsd">

    <changeSet author="hubem00" id="052-aanvraag-table">
		<createTable tablespace="${tablespace}" tableName="AANVRAAG">
			<column name="ID" type="INTEGER" autoIncrement="true">
				<constraints nullable="false"/>
			</column>
			<column name="INDIENINGSDATUM" type="TIMESTAMP">
			</column>

			<column name="VORIGREFERENTIENR" type="VARCHAR(20)">
			</column>
			<column name="SOORTMINICOMPETITIE" type="VARCHAR(100)">
			</column>
			<column name="SOORTAANVRAAG" type="VARCHAR(100)">
			</column>
			<column name="SOORTTOELICHTING_ID" type="INTEGER">
			</column>
			<column name="MAXIMUMUURTARIEF" type="VARCHAR(100)">
			</column>
			<column name="SPOED" type="BOOLEAN">
			</column>
			
			<!-- kostenplaats / eenheid / formatieplaats? -->
			
			<column name="AANVRAGER_ID" type="INTEGER">
			</column>

			<!-- opdracht -->
			<column name="OPDRACHT_BESCHRIJVING_ID" type="INTEGER">
			</column>
			<column name="OPDRACHT_ACHTERGROND_ID" type="INTEGER">
			</column>
			<column name="OPDRACHT_CONTEXTCULTUUR_ID" type="INTEGER">
			</column>
			
			<!-- planning? -->
			<!--
			<column name="PLANNING_OFFERTEDATUM" type="TIMESTAMP">
			</column>
			<column name="PLANNING_EINDDATUMVRAGEN" type="TIMESTAMP">
			</column>
			<column name="PLANNING_EINDDATUMANTWOORDEN" type="TIMESTAMP">
			</column>
			<column name="PLANNING_EINDDATUMOFFERTES" type="TIMESTAMP">
			</column>
			<column name="PLANNING_DATUMSINTERVIEWS" type="VARCHAR(100)">
			</column>
			<column name="PLANNING_INTERVIEWERS" type="VARCHAR(100)">
			</column>
			<column name="PLANNING_STREEFDATUMGUNNING" type="TIMESTAMP">
			</column>
			-->

			<!-- kwaliteitenprofiel -->
			<column name="KWALITEITENPROFIEL_ID" type="INTEGER">
			</column>
			<column name="FUNCTIEFAMILIE_ID" type="INTEGER">
			</column>
			<column name="FUNCTIESCHAAL" type="INTEGER">
			</column>
			<column name="FUNCTIENAAM" type="VARCHAR(100)">
			</column>
			
			<!-- eisen -->
			
			<!-- wensen -->
			<column name="WENS_COMPETENTIES_ID" type="INTEGER">
			</column>
			<column name="WENS_AANVULLENDEKENNIS_ID" type="INTEGER">
			</column>
			<column name="WENS_OVERIGEFUNCTIEWENSEN_ID" type="INTEGER">
			</column>
			
			<!-- gunning -->
			<column name="GUNNING_TARIEF" type="INTEGER">
			</column>
			<column name="GUNNING_DUURZAAMHEIDSOCIALRETURN" type="INTEGER">
			</column>
			<column name="GUNNING_RELEVANTEWERKERVARING" type="INTEGER">
			</column>
			<column name="GUNNING_KENNISVAARDIGHEDENKANDIDAAT" type="INTEGER">
			</column>
			<column name="GUNNING_BESCHIKBAARHEIDKANDIDAAT" type="INTEGER">
			</column>
			<column name="GUNNING_KANDIDAATBEGRIJPTOPDRACHT" type="INTEGER">
			</column>
			<column name="GUNNING_KANDIDAATPASTBIJORGANISATIE" type="INTEGER">
			</column>
			<column name="GUNNING_TOELICHTINGDUURZAAMHEIDSOCIALRETURN_ID" type="INTEGER">
			</column>
			<column name="GUNNING_TOELICHTINGBESCHIKBAARHEID_ID" type="INTEGER">
			</column>
			
			<!-- inzetgegevens -->
			<column name="INZET_STARTDATUM" type="DATE">
			</column>
			<column name="INZET_INITIELEEINDDATUM" type="DATE">
			</column>
			<column name="INZET_AANTALMAANDEN" type="INTEGER">
			</column>
			<column name="INZET_OPTIEVERLENGING" type="BOOLEAN">
			</column>
			<column name="INZET_PROJECTEINDDATUM" type="DATE">
			</column>
			<column name="INZET_MAXIMAALAANTALVERLENGINGEN" type="INTEGER">
			</column>
			<column name="INZET_TERMIJNVERLENGINGINMAANDEN" type="INTEGER">
			</column>
			<column name="INZET_URENPERWEEK" type="INTEGER">
			</column>
			<column name="INZET_MAXURENINITIELETERMIJN" type="INTEGER">
			</column>
			<column name="INZET_VERGOEDINGDIENSTREIZENINBEGREPEN" type="BOOLEAN">
			</column>
			<column name="INZET_VERGOEDINGDIENSTREIZENTOELICHTING_ID" type="INTEGER">
			</column>
			<column name="INZET_HOOFDSTANDPLAATS" type="VARCHAR(100)">
			</column>
			<column name="INZET_ALTERNATIEVESTANDPLAATS" type="VARCHAR(100)">
			</column>
			<column name="INZET_EXTRASTANDPLAATSEN" type="VARCHAR(100)">
			</column>
			<column name="INZET_VEILIGHEIDSONDERZOEKVEREIST" type="BOOLEAN">
			</column>
			<column name="INZET_VOGBIJSTARTINZET" type="BOOLEAN">
			</column>
			<column name="INZET_VRIJEVERVANGINGBESPREEKBAAR" type="BOOLEAN">
			</column>
			<column name="INZET_PARTTIMERSTOEGESTAAN" type="BOOLEAN">
			</column>
			<column name="INZET_OFFSITEWERKENBESPREEKBAAR" type="BOOLEAN">
			</column>
			<column name="INZET_CONSIGNATIEDIENSTEN" type="BOOLEAN">
			</column>
			<column name="INZET_BETROKKENHEIDAANBESTEDINGEN" type="BOOLEAN">
			</column>
			<column name="INZET_MAXAANTALCVS" type="INTEGER">
			</column>
		</createTable>
    </changeSet>

    <changeSet author="hubem00" id="052-aanvraag-primarykey">
		<addPrimaryKey columnNames="ID" constraintName="PK_AANVRAAG" tableName="AANVRAAG"/>
	</changeSet>

    <changeSet author="hubem00" id="052-aanvraag-foreignkey">
		<addForeignKeyConstraint baseColumnNames="AANVRAGER_ID" baseTableName="AANVRAAG" constraintName="FK_AANVRAAG_AANVRAGER" referencedColumnNames="ID" referencedTableName="AANVRAGER"/>
		<addForeignKeyConstraint baseColumnNames="KWALITEITENPROFIEL_ID" baseTableName="AANVRAAG" constraintName="FK_AANVRAAG_KWALITEITENPROFIEL" referencedColumnNames="ID" referencedTableName="KWALITEITENPROFIEL"/>
		<addForeignKeyConstraint baseColumnNames="FUNCTIEFAMILIE_ID" baseTableName="AANVRAAG" constraintName="FK_AANVRAAG_FUNCTIEFAMILIE" referencedColumnNames="ID" referencedTableName="FUNCTIEFAMILIE"/>
		
		<addForeignKeyConstraint baseColumnNames="SOORTTOELICHTING_ID" baseTableName="AANVRAAG" constraintName="FK_AANVRAAG_SOORTTOELICHTING" referencedColumnNames="ID" referencedTableName="TOELICHTING"/>
		<addForeignKeyConstraint baseColumnNames="OPDRACHT_BESCHRIJVING_ID" baseTableName="AANVRAAG" constraintName="FK_AANVRAAG_OPDRACHTBESCHRIJVING" referencedColumnNames="ID" referencedTableName="TOELICHTING"/>
		<addForeignKeyConstraint baseColumnNames="OPDRACHT_ACHTERGROND_ID" baseTableName="AANVRAAG" constraintName="FK_AANVRAAG_OPDRACHTACHTERGROND" referencedColumnNames="ID" referencedTableName="TOELICHTING"/>
		<addForeignKeyConstraint baseColumnNames="OPDRACHT_CONTEXTCULTUUR_ID" baseTableName="AANVRAAG" constraintName="FK_AANVRAAG_OPDRACHTCONTEXTCULTUUR" referencedColumnNames="ID" referencedTableName="TOELICHTING"/>
		<addForeignKeyConstraint baseColumnNames="WENS_COMPETENTIES_ID" baseTableName="AANVRAAG" constraintName="FK_AANVRAAG_WENSCOMPETENTIES" referencedColumnNames="ID" referencedTableName="TOELICHTING"/>
		<addForeignKeyConstraint baseColumnNames="WENS_AANVULLENDEKENNIS_ID" baseTableName="AANVRAAG" constraintName="FK_AANVRAAG_WENSAANVULLENDEKENNIS" referencedColumnNames="ID" referencedTableName="TOELICHTING"/>
		<addForeignKeyConstraint baseColumnNames="WENS_OVERIGEFUNCTIEWENSEN_ID" baseTableName="AANVRAAG" constraintName="FK_AANVRAAG_WENSOVERIGEFUNCTIEWENSEN" referencedColumnNames="ID" referencedTableName="TOELICHTING"/>
		<addForeignKeyConstraint baseColumnNames="GUNNING_TOELICHTINGDUURZAAMHEIDSOCIALRETURN_ID" baseTableName="AANVRAAG" constraintName="FK_AANVRAAG_GUNNINGTOELICHTINGDUURZAAMHEIDSOCIALRETURN" referencedColumnNames="ID" referencedTableName="TOELICHTING"/>
		<addForeignKeyConstraint baseColumnNames="GUNNING_TOELICHTINGBESCHIKBAARHEID_ID" baseTableName="AANVRAAG" constraintName="FK_AANVRAAG_GUNNINGTOELICHTINGBESCHIKBAARHEID" referencedColumnNames="ID" referencedTableName="TOELICHTING"/>
		<addForeignKeyConstraint baseColumnNames="INZET_VERGOEDINGDIENSTREIZENTOELICHTING_ID" baseTableName="AANVRAAG" constraintName="FK_AANVRAAG_INZETVERGOEDINGDIENSTREIZENTOELICHTING" referencedColumnNames="ID" referencedTableName="TOELICHTING"/>
	</changeSet>

	<changeSet author="hubem00" id="052-aanvraag-role">
		<sql>
			GRANT SELECT ON AANVRAAG TO ROLE APP;
			GRANT INSERT ON AANVRAAG TO ROLE APP;
			GRANT UPDATE ON AANVRAAG TO ROLE APP;
			GRANT DELETE ON AANVRAAG TO ROLE APP;
		</sql>
		<rollback>
			REVOKE ALL ON AANVRAAG FROM ROLE APP;
		</rollback>
	</changeSet>
</databaseChangeLog>
