<?xml version="1.0" encoding="UTF-8" standalone="no"?>
<databaseChangeLog xmlns:xsi="http://www.w3.org/2001/XMLSchema-instance" xmlns="http://www.liquibase.org/xml/ns/dbchangelog"
    xsi:schemaLocation="http://www.liquibase.org/xml/ns/dbchangelog http://www.liquibase.org/xml/ns/dbchangelog/dbchangelog-3.4.xsd">

    <changeSet author="hubem00" id="053-ervaring-table">
		<createTable tablespace="${tablespace}" tableName="ERVARING">
			<column name="ID" type="INTEGER" autoIncrement="true">
				<constraints nullable="false"/>
			</column>
			<column name="INDEX" type="INTEGER">
				<constraints nullable="false"/>
			</column>

			<column name="AANVRAAG_ID" type="INTEGER">
				<constraints nullable="false"/>
			</column>
			<column name="WERKDENKNIVEAU" type="VARCHAR(200)">
				<constraints nullable="false"/>
			</column>
			<column name="AANTALJAARERVARING" type="INTEGER">
			</column>
		</createTable>
    </changeSet>

    <changeSet author="hubem00" id="053-ervaring-primarykey">
		<addPrimaryKey columnNames="ID" constraintName="PK_ERVARING" tableName="ERVARING"/>
	</changeSet>

    <changeSet author="hubem00" id="053-ervaring-foreignkey">
		<addForeignKeyConstraint baseColumnNames="AANVRAAG_ID" baseTableName="ERVARING" constraintName="FK_ERVARING_AANVRAAG" referencedColumnNames="ID" referencedTableName="AANVRAAG"/>
	</changeSet>

	<changeSet author="hubem00" id="053-ervaring-role">
		<sql>
			GRANT SELECT ON ERVARING TO ROLE APP;
			GRANT INSERT ON ERVARING TO ROLE APP;
			GRANT UPDATE ON ERVARING TO ROLE APP;
			GRANT DELETE ON ERVARING TO ROLE APP;
		</sql>
		<rollback>
			REVOKE ALL ON ERVARING FROM ROLE APP;
		</rollback>
	</changeSet>
</databaseChangeLog>
