<?xml version="1.0" encoding="UTF-8" standalone="no"?>
<databaseChangeLog xmlns:xsi="http://www.w3.org/2001/XMLSchema-instance" xmlns="http://www.liquibase.org/xml/ns/dbchangelog"
    xsi:schemaLocation="http://www.liquibase.org/xml/ns/dbchangelog http://www.liquibase.org/xml/ns/dbchangelog/dbchangelog-3.4.xsd">

    <changeSet author="hubem00" id="056-aanvraag-verklaringomtrentgedrag-table">
		<createTable tablespace="${tablespace}" tableName="AANVRAAG_VERKLARINGOMTRENTGEDRAG">
			<column name="ID" type="INTEGER" autoIncrement="true">
				<constraints nullable="false"/>
			</column>
			<column name="INDEX" type="INTEGER">
				<constraints nullable="false"/>
			</column>

			<column name="AANVRAAG_ID" type="INTEGER">
				<constraints nullable="false"/>
			</column>
			<column name="VERKLARINGOMTRENTGEDRAG_ID" type="INTEGER">
				<constraints nullable="false"/>
			</column>
		</createTable>
    </changeSet>

    <changeSet author="hubem00" id="056-aanvraag-verklaringomtrentgedrag-primarykey">
		<addPrimaryKey columnNames="ID" constraintName="PK_AANVRAAG_VERKLARINGOMTRENTGEDRAG" tableName="AANVRAAG_VERKLARINGOMTRENTGEDRAG"/>
	</changeSet>

    <changeSet author="hubem00" id="056-aanvraag-verklaringomtrentgedrag-foreignkey">
		<addForeignKeyConstraint baseColumnNames="AANVRAAG_ID" baseTableName="AANVRAAG_VERKLARINGOMTRENTGEDRAG" constraintName="FK_AANVRAAG_VERKLARINGOMTRENTGEDRAG_AANVRAAG" referencedColumnNames="ID" referencedTableName="AANVRAAG"/>
		<addForeignKeyConstraint baseColumnNames="VERKLARINGOMTRENTGEDRAG_ID" baseTableName="AANVRAAG_VERKLARINGOMTRENTGEDRAG" constraintName="FK_AANVRAAG_VERKLARINGOMTRENTGEDRAG_VERKLARINGOMTRENTGEDRAG" referencedColumnNames="ID" referencedTableName="VERKLARINGOMTRENTGEDRAG"/>
	</changeSet>

	<changeSet author="hubem00" id="056-aanvraag-verklaringomtrentgedrag-role">
		<sql>
			GRANT SELECT ON AANVRAAG_VERKLARINGOMTRENTGEDRAG TO ROLE APP;
			GRANT INSERT ON AANVRAAG_VERKLARINGOMTRENTGEDRAG TO ROLE APP;
			GRANT UPDATE ON AANVRAAG_VERKLARINGOMTRENTGEDRAG TO ROLE APP;
			GRANT DELETE ON AANVRAAG_VERKLARINGOMTRENTGEDRAG TO ROLE APP;
		</sql>
		<rollback>
			REVOKE ALL ON AANVRAAG_VERKLARINGOMTRENTGEDRAG FROM ROLE APP;
		</rollback>
	</changeSet>
</databaseChangeLog>
