<databaseChangeLog xmlns="http://www.liquibase.org/xml/ns/dbchangelog" xmlns:ext="http://www.liquibase.org/xml/ns/dbchangelog-ext" xmlns:xsi="http://www.w3.org/2001/XMLSchema-instance" xsi:schemaLocation="http://www.liquibase.org/xml/ns/dbchangelog http://www.liquibase.org/xml/ns/dbchangelog/dbchangelog-3.4.xsd http://www.liquibase.org/xml/ns/dbchangelog-ext http://www.liquibase.org/xml/ns/dbchangelog/dbchangelog-ext.xsd">
	<changeSet author="langj08" id="CREATE_TS1">
        <!-- controleert of tablespace al bestaat. Zo ja, maak TS niet aan -->
        <preConditions  onFail="MARK_RAN">
            <sqlCheck  expectedResult="0">select count(1) from syscat.tablespaces where tbspace =  '${tablespace.data}'</sqlCheck>
        </preConditions>
		<sql>create tablespace ${tablespace.data}</sql>
	</changeSet>
	<changeSet author="langj08" id="CREATE_TS2">
        <!-- controleert of tablespace al bestaat. Zo ja, maak TS niet aan -->
        <preConditions  onFail="MARK_RAN">
            <sqlCheck  expectedResult="0">select count(1) from syscat.tablespaces where tbspace =  '${tablespace.index}'</sqlCheck>
        </preConditions>
		<sql>create tablespace ${tablespace.index}</sql>
	</changeSet>
	<changeSet author="langj08" id="CREATE_TS3">
        <!-- controleert of tablespace al bestaat. Zo ja, maak TS niet aan -->
        <preConditions  onFail="MARK_RAN">
            <sqlCheck  expectedResult="0">select count(1) from syscat.tablespaces where tbspace =  '${tablespace.lob}'</sqlCheck>
        </preConditions>
		<sql>create tablespace ${tablespace.lob}</sql>
	</changeSet>
</databaseChangeLog>