<?xml version="1.0" encoding="UTF-8" standalone="no"?>
<databaseChangeLog xmlns:xsi="http://www.w3.org/2001/XMLSchema-instance" xmlns="http://www.liquibase.org/xml/ns/dbchangelog"
				   xsi:schemaLocation="http://www.liquibase.org/xml/ns/dbchangelog http://www.liquibase.org/xml/ns/dbchangelog/dbchangelog-3.4.xsd">
	
	<property name="tablespace.data" value="SPRBTCH_TS_DATA1"/>
	<property name="tablespace.index" value="SPRBTCH_TS_IX1"/>
	<property name="tablespace.lob" value="SPRBTCH_TS_LOB1"/>
	
	<include file="Create_tablespaces.xml" relativeToChangelogFile="true"/>
	<changeSet author="denee00 (generated)" id="1612172488405-1">
		<createSequence sequenceName="BATCH_JOB_EXECUTION_SEQ"/>
	</changeSet>
	<changeSet author="denee00 (generated)" id="1612172488405-2">
		<createSequence sequenceName="BATCH_JOB_SEQ"/>
	</changeSet>
	<changeSet author="denee00 (generated)" id="1612172488405-3">
		<createSequence sequenceName="BATCH_STEP_EXECUTION_SEQ"/>
	</changeSet>
	<changeSet author="denee00 (generated)" id="1612172488405-4">
		<createTable tableName="BATCH_JOB_EXECUTION">
			<column name="JOB_EXECUTION_ID" type="BIGINT">
				<constraints nullable="false"/>
			</column>
			<column name="VERSION" type="BIGINT"/>
			<column name="JOB_INSTANCE_ID" type="BIGINT">
				<constraints nullable="false"/>
			</column>
			<column name="CREATE_TIME" type="TIMESTAMP">
				<constraints nullable="false"/>
			</column>
			<column defaultValue="NULL" name="START_TIME" type="TIMESTAMP"/>
			<column defaultValue="NULL" name="END_TIME" type="TIMESTAMP"/>
			<column name="STATUS" type="VARCHAR(10)"/>
			<column name="EXIT_CODE" type="VARCHAR(2500)"/>
			<column name="EXIT_MESSAGE" type="VARCHAR(2500)"/>
			<column name="LAST_UPDATED" type="TIMESTAMP"/>
			<column name="JOB_CONFIGURATION_LOCATION" type="VARCHAR(2500)"/>
		</createTable>
		<modifySql dbms="db2">
            <append value=" IN ${tablespace.data}"/>
			<append value=" INDEX IN ${tablespace.index}"/>
			<append value=" LONG IN ${tablespace.lob}"/>
        </modifySql>
	</changeSet>
	<changeSet author="denee00 (generated)" id="1612172488405-5">
		<createTable tableName="BATCH_JOB_EXECUTION_CONTEXT">
			<column name="JOB_EXECUTION_ID" type="BIGINT">
				<constraints nullable="false"/>
			</column>
			<column name="SHORT_CONTEXT" type="VARCHAR(2500)">
				<constraints nullable="false"/>
			</column>
			<column name="SERIALIZED_CONTEXT" type="CLOB(1048576)"/>
		</createTable>
	    <modifySql dbms="db2">
            <append value=" IN ${tablespace.data}"/>
			<append value=" INDEX IN ${tablespace.index}"/>
			<append value=" LONG IN ${tablespace.lob}"/>
        </modifySql>
	</changeSet>
	<changeSet author="denee00 (generated)" id="1612172488405-6">
		<createTable tableName="BATCH_JOB_EXECUTION_PARAMS">
			<column name="JOB_EXECUTION_ID" type="BIGINT">
				<constraints nullable="false"/>
			</column>
			<column name="TYPE_CD" type="VARCHAR(6)">
				<constraints nullable="false"/>
			</column>
			<column name="KEY_NAME" type="VARCHAR(100)">
				<constraints nullable="false"/>
			</column>
			<column name="STRING_VAL" type="VARCHAR(250)"/>
			<column defaultValue="NULL" name="DATE_VAL" type="TIMESTAMP"/>
			<column name="LONG_VAL" type="BIGINT"/>
			<column name="DOUBLE_VAL" type="DOUBLE"/>
			<column name="IDENTIFYING" type="CHAR(1)">
				<constraints nullable="false"/>
			</column>
		</createTable>
		<modifySql dbms="db2">
            <append value=" IN ${tablespace.data}"/>
			<append value=" INDEX IN ${tablespace.index}"/>
			<append value=" LONG IN ${tablespace.lob}"/>
        </modifySql>
	</changeSet>
	<changeSet author="denee00 (generated)" id="1612172488405-7">
		<createTable tableName="BATCH_JOB_INSTANCE">
			<column name="JOB_INSTANCE_ID" type="BIGINT">
				<constraints nullable="false"/>
			</column>
			<column name="VERSION" type="BIGINT"/>
			<column name="JOB_NAME" type="VARCHAR(100)">
				<constraints nullable="false"/>
			</column>
			<column name="JOB_KEY" type="VARCHAR(2500)"/>
		</createTable>
	    <modifySql dbms="db2">
            <append value=" IN ${tablespace.data}"/>
			<append value=" INDEX IN ${tablespace.index}"/>
			<append value=" LONG IN ${tablespace.lob}"/>
        </modifySql>
	</changeSet>
	<changeSet author="denee00 (generated)" id="1612172488405-8">
		<createTable tableName="BATCH_STEP_EXECUTION">
			<column name="STEP_EXECUTION_ID" type="BIGINT">
				<constraints nullable="false"/>
			</column>
			<column name="VERSION" type="BIGINT">
				<constraints nullable="false"/>
			</column>
			<column name="STEP_NAME" type="VARCHAR(100)">
				<constraints nullable="false"/>
			</column>
			<column name="JOB_EXECUTION_ID" type="BIGINT">
				<constraints nullable="false"/>
			</column>
			<column name="START_TIME" type="TIMESTAMP">
				<constraints nullable="false"/>
			</column>
			<column defaultValue="NULL" name="END_TIME" type="TIMESTAMP"/>
			<column name="STATUS" type="VARCHAR(10)"/>
			<column name="COMMIT_COUNT" type="BIGINT"/>
			<column name="READ_COUNT" type="BIGINT"/>
			<column name="FILTER_COUNT" type="BIGINT"/>
			<column name="WRITE_COUNT" type="BIGINT"/>
			<column name="READ_SKIP_COUNT" type="BIGINT"/>
			<column name="WRITE_SKIP_COUNT" type="BIGINT"/>
			<column name="PROCESS_SKIP_COUNT" type="BIGINT"/>
			<column name="ROLLBACK_COUNT" type="BIGINT"/>
			<column name="EXIT_CODE" type="VARCHAR(2500)"/>
			<column name="EXIT_MESSAGE" type="VARCHAR(2500)"/>
			<column name="LAST_UPDATED" type="TIMESTAMP"/>
		</createTable>
	    <modifySql dbms="db2">
            <append value=" IN ${tablespace.data}"/>
			<append value=" INDEX IN ${tablespace.index}"/>
			<append value=" LONG IN ${tablespace.lob}"/>
        </modifySql>
	</changeSet>
	<changeSet author="denee00 (generated)" id="1612172488405-9">
		<createTable tableName="BATCH_STEP_EXECUTION_CONTEXT">
			<column name="STEP_EXECUTION_ID" type="BIGINT">
				<constraints nullable="false"/>
			</column>
			<column name="SHORT_CONTEXT" type="VARCHAR(2500)">
				<constraints nullable="false"/>
			</column>
			<column name="SERIALIZED_CONTEXT" type="CLOB(1048576)"/>
		</createTable>
	    <modifySql dbms="db2">
            <append value=" IN ${tablespace.data}"/>
			<append value=" INDEX IN ${tablespace.index}"/>
			<append value=" LONG IN ${tablespace.lob}"/>
        </modifySql>
	</changeSet>


	<changeSet author="denee00 (generated)" id="1612172488405-16">
		<addPrimaryKey columnNames="JOB_INSTANCE_ID" constraintName="SQL201231083012900" tableName="BATCH_JOB_INSTANCE"/>
	</changeSet>
	<changeSet author="denee00 (generated)" id="1612172488405-17">
		<addPrimaryKey columnNames="JOB_EXECUTION_ID" constraintName="SQL201231083225520" tableName="BATCH_JOB_EXECUTION"/>
	</changeSet>
	<changeSet author="denee00 (generated)" id="1612172488405-18">
		<addPrimaryKey columnNames="STEP_EXECUTION_ID" constraintName="SQL201231083227680" tableName="BATCH_STEP_EXECUTION"/>
	</changeSet>
	<changeSet author="denee00 (generated)" id="1612172488405-19">
		<addPrimaryKey columnNames="STEP_EXECUTION_ID" constraintName="SQL201231083228850"
					   tableName="BATCH_STEP_EXECUTION_CONTEXT"/>
	</changeSet>
	<changeSet author="denee00 (generated)" id="1612172488405-20">
		<addPrimaryKey columnNames="JOB_EXECUTION_ID" constraintName="SQL201231084741670" tableName="BATCH_JOB_EXECUTION_CONTEXT"/>
	</changeSet>

	<changeSet author="denee00 (generated)" id="1612172488405-22">
		<addForeignKeyConstraint baseColumnNames="JOB_EXECUTION_ID" baseTableName="BATCH_JOB_EXECUTION_CONTEXT"
								 constraintName="JOB_EXEC_CTX_FK" deferrable="false" initiallyDeferred="false" onDelete="NO ACTION"
								 onUpdate="NO ACTION" referencedColumnNames="JOB_EXECUTION_ID"
								 referencedTableName="BATCH_JOB_EXECUTION"/>
	</changeSet>
	<changeSet author="denee00 (generated)" id="1612172488405-23">
		<addForeignKeyConstraint baseColumnNames="JOB_EXECUTION_ID" baseTableName="BATCH_JOB_EXECUTION_PARAMS"
								 constraintName="JOB_EXEC_PARAMS_FK" deferrable="false" initiallyDeferred="false"
								 onDelete="NO ACTION" onUpdate="NO ACTION" referencedColumnNames="JOB_EXECUTION_ID"
								 referencedTableName="BATCH_JOB_EXECUTION"/>
	</changeSet>
	<changeSet author="denee00 (generated)" id="1612172488405-24">
		<addForeignKeyConstraint baseColumnNames="JOB_EXECUTION_ID" baseTableName="BATCH_STEP_EXECUTION"
								 constraintName="JOB_EXEC_STEP_FK" deferrable="false" initiallyDeferred="false" onDelete="NO ACTION"
								 onUpdate="NO ACTION" referencedColumnNames="JOB_EXECUTION_ID"
								 referencedTableName="BATCH_JOB_EXECUTION"/>
	</changeSet>
	<changeSet author="denee00 (generated)" id="1612172488405-25">
		<addForeignKeyConstraint baseColumnNames="JOB_INSTANCE_ID" baseTableName="BATCH_JOB_EXECUTION"
								 constraintName="JOB_INST_EXEC_FK" deferrable="false" initiallyDeferred="false" onDelete="NO ACTION"
								 onUpdate="NO ACTION" referencedColumnNames="JOB_INSTANCE_ID"
								 referencedTableName="BATCH_JOB_INSTANCE"/>
	</changeSet>
	<changeSet author="denee00 (generated)" id="1612172488405-26">
		<addForeignKeyConstraint baseColumnNames="STEP_EXECUTION_ID" baseTableName="BATCH_STEP_EXECUTION_CONTEXT"
								 constraintName="STEP_EXEC_CTX_FK" deferrable="false" initiallyDeferred="false" onDelete="NO ACTION"
								 onUpdate="NO ACTION" referencedColumnNames="STEP_EXECUTION_ID"
								 referencedTableName="BATCH_STEP_EXECUTION"/>
	</changeSet>
	
	<changeSet author="denee00" id="denee001">
		<createTable tableName="MELDING_STATUS">
			<column autoIncrement="true" name="ID" type="INTEGER">
				<constraints primaryKey="true" primaryKeyName="PK_MELDING_STATUS"/>
			</column>
			<column name="DISCLOSURE_ID" type="VARCHAR(255)"/>
			<column name="DRAAIDATUM" type="TIMESTAMP"/>
			<column name="GMV_ID" type="VARCHAR(255)"/>
			<column name="JOB_ID" type="INTEGER"/>
			<column name="CREATED" type="TIMESTAMP"/>
			<column name="EXECUTION_MESSAGE" type="VARCHAR(255)"/>
			<column name="IN_ERROR" type="SMALLINT"/>
			<column name="SKIPPED" type="SMALLINT"/>
			<column name="MODIFIED" type="TIMESTAMP"/>
			<column name="VALIDATION_ERRORS" type="VARCHAR(255)"/>
		</createTable>
	    <modifySql dbms="db2">
            <append value=" IN ${tablespace.data}"/>
			<append value=" INDEX IN ${tablespace.index}"/>
			<append value=" LONG IN ${tablespace.lob}"/>
        </modifySql>
	</changeSet>

	
	<changeSet author="denee00" id="denee003">
		<createTable tableName="API_KEY">
			<column name="ID" type="INTEGER" autoIncrement="true">
				<constraints nullable="false"/>
			</column>
			<column name="KEY" type="VARCHAR(50)">
				<constraints nullable="false"/>
			</column>
		</createTable>
		<modifySql dbms="db2">
            <append value=" IN ${tablespace.data}"/>
			<append value=" INDEX IN ${tablespace.index}"/>
			<append value=" LONG IN ${tablespace.lob}"/>
        </modifySql>
	</changeSet>


    <!-- alleen rechten orgjaas op org tabellen en dus niet
     meer aan APP role. Tbv multi schema databases  -->
     <changeSet author="langj08" id="denee005">
		<sql>   
            GRANT SELECT,INSERT,UPDATE,DELETE ON BATCH_JOB_EXECUTION			TO ROLE APP;
			GRANT SELECT,INSERT,UPDATE,DELETE ON BATCH_JOB_EXECUTION_CONTEXT 	TO ROLE APP;
			GRANT SELECT,INSERT,UPDATE,DELETE ON BATCH_JOB_EXECUTION_PARAMS 	TO ROLE APP;
			GRANT SELECT,INSERT,UPDATE,DELETE ON BATCH_JOB_INSTANCE 			TO ROLE APP;
			GRANT SELECT,INSERT,UPDATE,DELETE ON BATCH_STEP_EXECUTION			TO ROLE APP;
			GRANT SELECT,INSERT,UPDATE,DELETE ON BATCH_STEP_EXECUTION_CONTEXT	TO ROLE APP;
			GRANT SELECT,INSERT,UPDATE,DELETE ON MELDING_STATUS 		TO ROLE APP;
			GRANT SELECT,INSERT,UPDATE,DELETE ON API_KEY 						TO ROLE APP;
       </sql>
		<rollback>
            REVOKE ALL ON BATCH_JOB_EXECUTION			FROM ROLE APP;
			REVOKE ALL ON BATCH_JOB_EXECUTION_CONTEXT 	FROM ROLE APP;
			REVOKE ALL ON BATCH_JOB_EXECUTION_PARAMS 	FROM ROLE APP;
			REVOKE ALL ON BATCH_JOB_INSTANCE 			FROM ROLE APP;
			REVOKE ALL ON BATCH_STEP_EXECUTION			FROM ROLE APP;
			REVOKE ALL ON BATCH_STEP_EXECUTION_CONTEXT	FROM ROLE APP;
			REVOKE ALL ON MELDING_STATUS 		FROM ROLE APP;
			REVOKE ALL ON API_KEY 						FROM ROLE APP;    
        </rollback>
	</changeSet>
    <changeSet author="langj08" id="denee006">
        <sql>
          GRANT USAGE ON SEQUENCE BATCH_JOB_EXECUTION_SEQ   TO ROLE APP;
          GRANT USAGE ON SEQUENCE BATCH_JOB_SEQ             TO ROLE APP;
          GRANT USAGE ON SEQUENCE BATCH_STEP_EXECUTION_SEQ  TO ROLE APP;
        </sql>
        <rollback>
      		  REVOKE USAGE ON SEQUENCE BATCH_JOB_EXECUTION_SEQ  FROM ROLE APP;
              REVOKE USAGE ON SEQUENCE BATCH_JOB_SEQ            FROM ROLE APP;  
              REVOKE USAGE ON SEQUENCE BATCH_STEP_EXECUTION_SEQ FROM ROLE APP;  
        </rollback>
    </changeSet>
	<changeSet author="denee00" id="GMV-905-a">
        <addColumn tableName="MELDING_STATUS">
            <column name="MESSAGE" type="VARCHAR(32000)"/>
        </addColumn>
    </changeSet>
	<include file="AddApikeys.xml" relativeToChangelogFile="true"/>
</databaseChangeLog>
