<?xml version="1.0" encoding="UTF-8"?>
<assembly xmlns="http://maven.apache.org/plugins/maven-assembly-plugin/assembly/1.1.2" xmlns:xsi="http://www.w3.org/2001/XMLSchema-instance" xsi:schemaLocation="http://maven.apache.org/plugins/maven-assembly-plugin/assembly/1.1.2 http://maven.apache.org/xsd/assembly-1.1.2.xsd">

	<id>package</id>

	<formats>
		<format>zip</format>
	</formats>

	<fileSets>
		<fileSet>
			<directory>../../ivai-war</directory>
			<outputDirectory>inzicht-server-main</outputDirectory>
			<includes>
				<include>src/main/java/**</include>
                <include>src/main/resource/**</include>
                <include>src/main/webapp/META-INF/**</include>
                <include>src/main/webapp/WEB-INF/**</include>
			</includes>
			<excludes>
				<exclude>**/generated-java/**</exclude>
				<exclude>**/node_modules/**</exclude>
				<exclude>**/target/**</exclude>
				<exclude>**/.apt_generated/**</exclude>
				<exclude>**/.settings/**</exclude>
			</excludes>
		</fileSet>
		
        <fileSet>
			<directory>../../ivai-war</directory>
            <outputDirectory>inzicht-server-test</outputDirectory>
            <includes>
                <include>src/test/java/**</include>
            </includes>
            <excludes>
                <exclude>**/generated-java/**</exclude>
                <exclude>**/node_modules/**</exclude>
                <exclude>**/target/**</exclude>
                <exclude>**/.apt_generated/**</exclude>
                <exclude>**/.settings/**</exclude>
            </excludes>
        </fileSet>

        <fileSet>
			<directory>../../ivai-war</directory>
            <outputDirectory>inzicht-client-main</outputDirectory>
            <includes>
                <include>src/main/webapp/**</include>
            </includes>
            <excludes>
                <exclude>src/main/webapp/assets/**</exclude>
                <exclude>src/main/webapp/META-INF/**</exclude>
                <exclude>src/main/webapp/styles/Inzicht/**</exclude>
                <exclude>src/main/webapp/styles/Inzicht*.json</exclude>
                <exclude>src/main/webapp/WEB-INF/**</exclude>
                <exclude>**/generated-java/**</exclude>
                <exclude>**/node_modules/**</exclude>
                <exclude>**/target/**</exclude>
                <exclude>**/.apt_generated/**</exclude>
                <exclude>**/.settings/**</exclude>
            </excludes>
        </fileSet>

        <fileSet>
			<directory>../../ivai-war</directory>
            <outputDirectory>inzicht-client-test</outputDirectory>
            <includes>
                <include>src/test/e2e/app/**</include>
                <include>src/test/e2e/support/**</include>
            </includes>
            <excludes>
                <exclude>**/generated-java/**</exclude>
                <exclude>**/node_modules/**</exclude>
                <exclude>**/target/**</exclude>
                <exclude>**/.apt_generated/**</exclude>
                <exclude>**/.settings/**</exclude>
            </excludes>
        </fileSet>
	</fileSets>
</assembly>
