<?xml version="1.0" encoding="UTF-8" standalone="no"?>
<databaseChangeLog xmlns:xsi="http://www.w3.org/2001/XMLSchema-instance" xmlns="http://www.liquibase.org/xml/ns/dbchangelog"
    xsi:schemaLocation="http://www.liquibase.org/xml/ns/dbchangelog http://www.liquibase.org/xml/ns/dbchangelog/dbchangelog-3.4.xsd">
    <changeSet author="weera09" id="01_add-kenmerken" runAlways="true">
        <validCheckSum>ANY</validCheckSum>
        <sqlFile path="changesets/kenmerken.sql" encoding="UTF-8" />
    </changeSet>
    <changeSet author="weera09" id="02_add-branchcode-kenmerken" runAlways="true">
        <validCheckSum>ANY</validCheckSum>
        <sqlFile path="changesets/Kenmerken_SBI-codes.sql" encoding="UTF-8" />
    </changeSet>
    <changeSet author="weera09" id="03_accented-characters" runAlways="true">
        <validCheckSum>ANY</validCheckSum>
        <sqlFile path="changesets/AccentedCharacters.sql" encoding="UTF-8" />
    </changeSet>
</databaseChangeLog>
