<?xml version="1.0" encoding="UTF-8" standalone="no"?>
<databaseChangeLog xmlns:xsi="http://www.w3.org/2001/XMLSchema-instance" xmlns="http://www.liquibase.org/xml/ns/dbchangelog"
    xsi:schemaLocation="http://www.liquibase.org/xml/ns/dbchangelog http://www.liquibase.org/xml/ns/dbchangelog/dbchangelog-3.4.xsd">
    <changeSet author="kosho00" id="01_add-middel-risicos" runAlways="true">
        <validCheckSum>ANY</validCheckSum>
        <sqlFile path="changesets/middel-risicos.sql" encoding="UTF-8" />
    </changeSet>
    <changeSet author="kosho00" id="01_remove-duplicates-middel-risicos" runAlways="true">
        <validCheckSum>ANY</validCheckSum>
        <sqlFile path="changesets/remove-duplicates-middel-risicos.sql" encoding="UTF-8" />
    </changeSet>
</databaseChangeLog>
