<databaseChangeLog xmlns="http://www.liquibase.org/xml/ns/dbchangelog" xmlns:xsi="http://www.w3.org/2001/XMLSchema-instance"
                   xsi:schemaLocation="http://www.liquibase.org/xml/ns/dbchangelog http://www.liquibase.org/xml/ns/dbchangelog/dbchangelog-3.4.xsd">
    <changeSet author="weera09" id="create-views-1">
        <createView  
            fullDefinition="false"            
            replaceIfExists="true"  
	    viewName="v_lowestKenmerk">
		SELECT case when SUBKENMERK3_ID is not null then SUBKENMERK3_ID
		            when SUBKENMERK2_ID is not null then SUBKENMERK2_ID
		            when SUBKENMERK1_ID is not null then SUBKENMERK1_ID
		            else HOOFDKENMERK_ID
		       end AS lowest, *
		FROM ENTITEIT_MIDDEL_KENMERK
	</createView>
    </changeSet>
	<changeSet author="weera09" id="view-grants-1">
		<sql>
			GRANT SELECT ON v_lowestKenmerk TO ROLE APP;
			GRANT INSERT ON v_lowestKenmerk TO ROLE APP;
			GRANT UPDATE ON v_lowestKenmerk TO ROLE APP;
			GRANT DELETE ON v_lowestKenmerk TO ROLE APP;
		</sql>
		<rollback>
			REVOKE ALL ON v_lowestKenmerk FROM ROLE APP;
		</rollback>
	</changeSet>

    <changeSet author="weera09" id="create-views-2">
        <createView  
            fullDefinition="false"            
            replaceIfExists="true"  
	    viewName="v_lowestRisico">
		SELECT case when SUBRISICO_ID is not null then SUBRISICO_ID
		            else HOOFDRISICO_ID
		       end AS lowest, *
		FROM ENTITEIT_MIDDEL_RISICO
	</createView>
    </changeSet>
	<changeSet author="weera09" id="view-grants-2">
		<sql>
			GRANT SELECT ON v_lowestRisico TO ROLE APP;
			GRANT INSERT ON v_lowestRisico TO ROLE APP;
			GRANT UPDATE ON v_lowestRisico TO ROLE APP;
			GRANT DELETE ON v_lowestRisico TO ROLE APP;
		</sql>
		<rollback>
			REVOKE ALL ON v_lowestRisico FROM ROLE APP;
		</rollback>
	</changeSet>

    <changeSet author="weera09" id="create-views-3">
        <createView  
            fullDefinition="false"            
            replaceIfExists="true"  
	    viewName="v_latestLog">
		SELECT log1.ID,log1.USER,log1.TABEL_NAAM,log1.DATUM,log1.ENTITEIT_NUMMER,log1.PRIMARY_KEY_RECORD_ID,log1.PRIMARY_KEY_COMBINATION,log1.BEWERKING 
		FROM LOGGING log1
		where log1.datum = (
			select max(log2.datum) 
			FROM LOGGING log2 
			where log1.TABEL_NAAM=log2.TABEL_NAAM and log1.ENTITEIT_NUMMER=log2.ENTITEIT_NUMMER and 
				((log1.PRIMARY_KEY_RECORD_ID is null and log2.PRIMARY_KEY_RECORD_ID is null and log1.PRIMARY_KEY_COMBINATION=log2.PRIMARY_KEY_COMBINATION)
					or (log1.PRIMARY_KEY_RECORD_ID=log2.PRIMARY_KEY_RECORD_ID))
			)
	</createView>
    </changeSet>
	<changeSet author="weera09" id="view-grants-3">
		<sql>
			GRANT SELECT ON v_latestLog TO ROLE APP;
			GRANT INSERT ON v_latestLog TO ROLE APP;
			GRANT UPDATE ON v_latestLog TO ROLE APP;
			GRANT DELETE ON v_latestLog TO ROLE APP;
		</sql>
		<rollback>
			REVOKE ALL ON v_latestLog FROM ROLE APP;
		</rollback>
	</changeSet>


</databaseChangeLog>
