<databaseChangeLog xmlns="http://www.liquibase.org/xml/ns/dbchangelog" xmlns:ext="http://www.liquibase.org/xml/ns/dbchangelog-ext" xmlns:xsi="http://www.w3.org/2001/XMLSchema-instance" xsi:schemaLocation="http://www.liquibase.org/xml/ns/dbchangelog http://www.liquibase.org/xml/ns/dbchangelog/dbchangelog-3.4.xsd http://www.liquibase.org/xml/ns/dbchangelog-ext http://www.liquibase.org/xml/ns/dbchangelog/dbchangelog-ext.xsd">
	<changeSet author="schop13" id="Create_feedback_table01">
        <createTable  tablespace="${tablespace}" tableName="FEEDBACK">
			<column name="ID" type="INTEGER" autoIncrement="true">
                <constraints nullable="false"/>
            </column>
			<column name="NAAM" type="VARCHAR(50)">
                <constraints nullable="false"/>
            </column>
			<column name="EMAIL" type="VARCHAR(50)">
                <constraints nullable="false"/>
            </column>
			<column name="MELDING" type="VARCHAR(250)">
                <constraints nullable="false"/>
            </column>
			<column name="PAGINA" type="VARCHAR(50)">
                <constraints nullable="false"/>
            </column>
			<column name="USERID" type="CHAR(8)">
            </column>
			<column name="ROLLEN" type="VARCHAR(50)">
            </column>
			<column name="CREATED" type="DATETIME">
                <constraints nullable="false"/>
            </column>	
		</createTable>
	</changeSet>
	<changeSet author="schop13" id="Create_feedback_table02">
		<addPrimaryKey columnNames="ID" constraintName="PK_FEEDBACK" tableName="FEEDBACK"/>
	</changeSet>
	<changeSet author="schop13" id="Create_feedback_table03">
		<sql>
            GRANT SELECT ON FEEDBACK TO ROLE APP;
            GRANT INSERT ON FEEDBACK TO ROLE APP;
            GRANT UPDATE ON FEEDBACK TO ROLE APP;
            GRANT DELETE ON FEEDBACK TO ROLE APP;
       </sql>
		<rollback>
            REVOKE ALL ON FEEDBACK FROM ROLE APP;    
        </rollback>
	</changeSet>
</databaseChangeLog>
