<databaseChangeLog xmlns="http://www.liquibase.org/xml/ns/dbchangelog" 
    xmlns:ext="http://www.liquibase.org/xml/ns/dbchangelog-ext" 
    xmlns:xsi="http://www.w3.org/2001/XMLSchema-instance" xsi:schemaLocation="http://www.liquibase.org/xml/ns/dbchangelog http://www.liquibase.org/xml/ns/dbchangelog/dbchangelog-3.4.xsd http://www.liquibase.org/xml/ns/dbchangelog-ext http://www.liquibase.org/xml/ns/dbchangelog/dbchangelog-ext.xsd">
    <changeSet author="langj08" id="sequence">
        <sql>
            GRANT SELECT ON SYSCAT.SEQUENCES TO ROLE APP;
        </sql>
        <rollback>
            REVOKE SELECT ON SYSCAT.SEQUENCES TO ROLE APP;
        </rollback>
    </changeSet>
    <changeSet author="weera09" id="sequence_02">
        <sql>
            GRANT SELECT ON SYSIBM.SYSSEQUENCES TO ROLE APP;
        </sql>
        <rollback>
            REVOKE SELECT ON SYSIBM.SYSSEQUENCES TO ROLE APP;
        </rollback>
    </changeSet>
</databaseChangeLog>
