<databaseChangeLog xmlns="http://www.liquibase.org/xml/ns/dbchangelog"
                   xmlns:xsi="http://www.w3.org/2001/XMLSchema-instance"
                   xsi:schemaLocation="http://www.liquibase.org/xml/ns/dbchangelog http://www.liquibase.org/xml/ns/dbchangelog/dbchangelog-3.4.xsd">
    <changeSet author="natue00" id="ivakbs-805-klantsessie-toelichtig-fields">
<!--        To convert VARCHAR2 to CLOB, there's no direct way to do it, but we can do it indirectly.-->
<!--        https://logic.edchen.org/how-to-modify-varchar2-to-clob-of-a-column/-->

        <!-- KLANTSESSIE-->
        <addColumn tableName="KLANTSESSIE">
            <column name="TOELICHTING_GEHOUDEN_KLANTSESSIE_CLOB" type="CLOB">
                <constraints nullable="true"/>
            </column>
        </addColumn>

        <update tableName="KLANTSESSIE">
            <column name="TOELICHTING_GEHOUDEN_KLANTSESSIE_CLOB" valueComputed="TOELICHTING_GEHOUDEN_KLANTSESSIE"/>
        </update>

        <renameColumn oldColumnName="TOELICHTING_GEHOUDEN_KLANTSESSIE"
                      newColumnName="TOELICHTING_GEHOUDEN_KLANTSESSIE_OLD" tableName="KLANTSESSIE" />

        <renameColumn oldColumnName="TOELICHTING_GEHOUDEN_KLANTSESSIE_CLOB"
                      newColumnName="TOELICHTING_GEHOUDEN_KLANTSESSIE" tableName="KLANTSESSIE" />


        <!-- KLANTSESSIE_COMPLIANCE-->
        <addColumn tableName="KLANTSESSIE_COMPLIANCE">
            <column name="TOELICHTING_CLOB" type="CLOB">
                <constraints nullable="true"/>
            </column>
        </addColumn>

        <update tableName="KLANTSESSIE_COMPLIANCE">
            <column name="TOELICHTING_CLOB" valueComputed="TOELICHTING"/>
        </update>

        <renameColumn oldColumnName="TOELICHTING"
                      newColumnName="TOELICHTING_OLD" tableName="KLANTSESSIE_COMPLIANCE" />

        <renameColumn oldColumnName="TOELICHTING_CLOB"
                newColumnName="TOELICHTING" tableName="KLANTSESSIE_COMPLIANCE" />

        <!-- KLANTSESSIE_STRATEGIE-->
        <addColumn tableName="KLANTSESSIE_STRATEGIE">
            <column name="KORTE_TERMIJN_CLOB" type="CLOB">
                <constraints nullable="true"/>
            </column>
        </addColumn>

        <update tableName="KLANTSESSIE_STRATEGIE">
            <column name="KORTE_TERMIJN_CLOB" valueComputed="KORTE_TERMIJN"/>
        </update>

        <renameColumn oldColumnName="KORTE_TERMIJN"
                      newColumnName="KORTE_TERMIJN_OLD" tableName="KLANTSESSIE_STRATEGIE" />

        <renameColumn oldColumnName="KORTE_TERMIJN_CLOB"
                      newColumnName="KORTE_TERMIJN" tableName="KLANTSESSIE_STRATEGIE" />

        <addColumn tableName="KLANTSESSIE_STRATEGIE">
            <column name="MIDDELLANGE_TERMIJN_CLOB" type="CLOB">
                <constraints nullable="true"/>
            </column>
        </addColumn>

        <update tableName="KLANTSESSIE_STRATEGIE">
            <column name="MIDDELLANGE_TERMIJN_CLOB" valueComputed="MIDDELLANGE_TERMIJN"/>
        </update>

        <renameColumn oldColumnName="MIDDELLANGE_TERMIJN"
                      newColumnName="MIDDELLANGE_TERMIJN_OLD" tableName="KLANTSESSIE_STRATEGIE" />

        <renameColumn oldColumnName="MIDDELLANGE_TERMIJN_CLOB"
                      newColumnName="MIDDELLANGE_TERMIJN"
                      tableName="KLANTSESSIE_STRATEGIE" />
    </changeSet>
</databaseChangeLog>