<databaseChangeLog xmlns="http://www.liquibase.org/xml/ns/dbchangelog"
				   xmlns:xsi="http://www.w3.org/2001/XMLSchema-instance"
				   xsi:schemaLocation="http://www.liquibase.org/xml/ns/dbchangelog http://www.liquibase.org/xml/ns/dbchangelog/dbchangelog-3.4.xsd">
	<changeSet author="duisr01" id="ivakbs-901-1">
		<createTable tablespace="${tablespace}" tableName="LOGGING_2">
			<column name="ID" type="INTEGER" autoIncrement="true">
				<constraints nullable="false"/>
			</column>
			<column name="USERNAME" type="VARCHAR(10)">
				<constraints nullable="false"/>
			</column>
			<column name="CHANGED_AT" type="DATETIME">
				<constraints nullable="false"/>
			</column>
			<column name="ENTITEIT_NUMMER" type="INTEGER">
				<constraints nullable="true"/>
			</column>
			<column name="LOGGING_ID" type="VARCHAR(255)">
				<constraints nullable="false"/>
			</column>
			<column name="BEWERKING" type="VARCHAR(50)">
				<constraints nullable="false"/>
			</column>
		</createTable>
	</changeSet>
	<changeSet author="duisr01" id="ivakbs-901-2">
		<addPrimaryKey columnNames="ID" constraintName="PK_LOGGING_2" tableName="LOGGING_2"/>
	</changeSet>
	<changeSet author="duisr01" id="ivakbs-901-3">
		<sql>
			GRANT SELECT ON LOGGING_2 TO ROLE APP;
			GRANT INSERT ON LOGGING_2 TO ROLE APP;
			GRANT UPDATE ON LOGGING_2 TO ROLE APP;
			GRANT DELETE ON LOGGING_2 TO ROLE APP;
		</sql>
		<rollback>
			REVOKE ALL ON LOGGING_2 FROM ROLE APP;
		</rollback>
	</changeSet>
</databaseChangeLog>
