<databaseChangeLog xmlns="http://www.liquibase.org/xml/ns/dbchangelog"
                   xmlns:ext="http://www.liquibase.org/xml/ns/dbchangelog-ext"
                   xmlns:xsi="http://www.w3.org/2001/XMLSchema-instance"
                   xsi:schemaLocation="http://www.liquibase.org/xml/ns/dbchangelog http://www.liquibase.org/xml/ns/dbchangelog/dbchangelog-3.4.xsd http://www.liquibase.org/xml/ns/dbchangelog-ext http://www.liquibase.org/xml/ns/dbchangelog/dbchangelog-ext.xsd">
    <changeSet author="kosho00" id="ivakbs-261-1">
        <createTable tablespace="${tablespace}" tableName="MIDDELSPECIFIEKE_KENMERKEN_BUSINESS_RULES">
            <column name="MIDDEL_ID" type="INTEGER">
                <constraints nullable="false"/>
            </column>
            <column name="KENMERK_ID" type="INTEGER">
                <constraints nullable="false"/>
            </column>
        </createTable>
    </changeSet>
    <changeSet author="kosho00" id="ivakbs-261-2">
        <addPrimaryKey
                columnNames="MIDDEL_ID, KENMERK_ID"
                constraintName="PK_KENMERK_MIDDEL_RULES"
                tableName="MIDDELSPECIFIEKE_KENMERKEN_BUSINESS_RULES"/>
    </changeSet>
    <changeSet author="kosho00" id="ivakbs-261-3">
        <sql>
            GRANT SELECT ON MIDDELSPECIFIEKE_KENMERKEN_BUSINESS_RULES TO ROLE APP;
            GRANT INSERT ON MIDDELSPECIFIEKE_KENMERKEN_BUSINESS_RULES TO ROLE APP;
            GRANT UPDATE ON MIDDELSPECIFIEKE_KENMERKEN_BUSINESS_RULES TO ROLE APP;
            GRANT DELETE ON MIDDELSPECIFIEKE_KENMERKEN_BUSINESS_RULES TO ROLE APP;
        </sql>
        <rollback>
            REVOKE ALL ON MIDDELSPECIFIEKE_KENMERKEN_BUSINESS_RULES FROM ROLE APP;
        </rollback>
    </changeSet>
</databaseChangeLog>
