<databaseChangeLog xmlns="http://www.liquibase.org/xml/ns/dbchangelog" xmlns:ext="http://www.liquibase.org/xml/ns/dbchangelog-ext"
				   xmlns:xsi="http://www.w3.org/2001/XMLSchema-instance"
				   xsi:schemaLocation="http://www.liquibase.org/xml/ns/dbchangelog http://www.liquibase.org/xml/ns/dbchangelog/dbchangelog-3.4.xsd http://www.liquibase.org/xml/ns/dbchangelog-ext http://www.liquibase.org/xml/ns/dbchangelog/dbchangelog-ext.xsd">
	<changeSet author="natue00" id="ivakbs-165-1">
		<createTable tablespace="${tablespace}" tableName="MIDDEL_KENMERKEN">
			<column name="ID" type="integer">
				<constraints nullable="false"/>
			</column>
			<column name="MIDDEL_ID" type="integer">
				<constraints nullable="false"/>
			</column>
			<column name="KENMERK" type="VARCHAR(250)">
				<constraints nullable="false"/>
			</column>
			<column name="PARENT_ID" type="integer" defaultValue="null">
				<constraints nullable="true"/>
			</column>
		</createTable>
	</changeSet>
	<changeSet author="natue00" id="ivakbs-165-2">
		<addPrimaryKey columnNames="ID" constraintName="PK_MIDDEL_KENMERKEN" tableName="MIDDEL_KENMERKEN"/>
	</changeSet>
	<changeSet author="natue00" id="ivakbs-165-3">
		<sql>
			GRANT SELECT ON MIDDEL_KENMERKEN TO ROLE APP;
			GRANT INSERT ON MIDDEL_KENMERKEN TO ROLE APP;
			GRANT UPDATE ON MIDDEL_KENMERKEN TO ROLE APP;
			GRANT DELETE ON MIDDEL_KENMERKEN TO ROLE APP;
		</sql>
		<rollback>
			REVOKE ALL ON MIDDEL_KENMERKEN FROM ROLE APP;
		</rollback>
	</changeSet>
	<changeSet author="natue00" id="ivakbs-165-4">
		<createTable tablespace="${tablespace}" tableName="ENTITEIT_MIDDEL_KENMERK">
			<column name="ID" type="integer">
				<constraints nullable="false"/>
			</column>
			<column name="HOOFDKENMERK_ID" type="integer">
				<constraints nullable="false"/>
			</column>
			<column name="SUBKENMERK1_ID" type="integer">
				<constraints nullable="true"/>
			</column>
			<column name="SUBKENMERK2_ID" type="integer">
				<constraints nullable="true"/>
			</column>
			<column name="SUBKENMERK3_ID" type="integer">
				<constraints nullable="true"/>
			</column>
			<column name="RANK" type="integer" defaultValue="null">
				<constraints nullable="true"/>
			</column>
			<column name="ENTITEITNUMMER" type="integer">
				<constraints nullable="false"/>
			</column>
		</createTable>
	</changeSet>
	<changeSet author="natue00" id="ivakbs-165-5">
		<addAutoIncrement
				columnDataType="integer"
				columnName="ID"
				incrementBy="1"
				tableName="ENTITEIT_MIDDEL_KENMERK"/>
	</changeSet>
	<changeSet author="natue00" id="ivakbs-165-6">
		<addPrimaryKey columnNames="ID" constraintName="PK_ENTITEIT_MIDDEL_KENMERK" tableName="ENTITEIT_MIDDEL_KENMERK"/>
	</changeSet>
	<changeSet author="natue00" id="ivakbs-165-7">
		<sql>
			GRANT SELECT ON ENTITEIT_MIDDEL_KENMERK TO ROLE APP;
			GRANT INSERT ON ENTITEIT_MIDDEL_KENMERK TO ROLE APP;
			GRANT UPDATE ON ENTITEIT_MIDDEL_KENMERK TO ROLE APP;
			GRANT DELETE ON ENTITEIT_MIDDEL_KENMERK TO ROLE APP;
		</sql>
		<rollback>
			REVOKE ALL ON ENTITEIT_MIDDEL_KENMERK FROM ROLE APP;
		</rollback>
	</changeSet>
</databaseChangeLog>
