<databaseChangeLog xmlns="http://www.liquibase.org/xml/ns/dbchangelog"
				   xmlns:xsi="http://www.w3.org/2001/XMLSchema-instance"
				   xsi:schemaLocation="http://www.liquibase.org/xml/ns/dbchangelog http://www.liquibase.org/xml/ns/dbchangelog/dbchangelog-3.4.xsd">
	<changeSet author="weera09" id="ivakbs-58-1">
		<createTable tablespace="${tablespace}" tableName="HELPTEXT">
			<column name="ID" type="VARCHAR(50)">
				<constraints nullable="false"/>
			</column>
			<column name="HELPTEXT" type="CLOB">
				<constraints nullable="false"/>
			</column>
			<column name="USER" type="VARCHAR(10)">
				<constraints nullable="false"/>
			</column>
			<column name="CHANGE_DT" type="DATETIME">
				<constraints nullable="false"/>
			</column>
			<column name="ENTITEIT" type="BIGINT" defaultValueNumeric='0'>
				<constraints nullable="false"/>
			</column>
		</createTable>
	</changeSet>
	<changeSet author="weera09" id="ivakbs-58-2">
		<addPrimaryKey columnNames="ID,ENTITEIT" constraintName="PK_HELPTEXT" tableName="HELPTEXT"/>
	</changeSet>
	<changeSet author="weera09" id="ivakbs-58-3">
		<sql>
			GRANT SELECT ON HELPTEXT TO ROLE APP;
			GRANT INSERT ON HELPTEXT TO ROLE APP;
			GRANT UPDATE ON HELPTEXT TO ROLE APP;
			GRANT DELETE ON HELPTEXT TO ROLE APP;
		</sql>
		<rollback>
			REVOKE ALL ON HELPTEXT FROM ROLE APP;
		</rollback>
	</changeSet>
	<changeSet author="dekkj15" id="ivakbs-628_Enlarge_HELPTEXT_column_ID_from_VARCHAR_50_to_200">
		<modifyDataType columnName="ID" newDataType="VARCHAR(200)" tableName="HELPTEXT"/>
	</changeSet>
	<changeSet author="kosho00" id="IVAKBS-968-alter-column-helptext-type">
		<modifyDataType columnName="HELPTEXT" newDataType="CLOB(2G)" tableName="HELPTEXT"/>
	</changeSet>
</databaseChangeLog>
