<databaseChangeLog xmlns="http://www.liquibase.org/xml/ns/dbchangelog" xmlns:ext="http://www.liquibase.org/xml/ns/dbchangelog-ext"
				   xmlns:xsi="http://www.w3.org/2001/XMLSchema-instance"
				   xsi:schemaLocation="http://www.liquibase.org/xml/ns/dbchangelog http://www.liquibase.org/xml/ns/dbchangelog/dbchangelog-3.4.xsd http://www.liquibase.org/xml/ns/dbchangelog-ext http://www.liquibase.org/xml/ns/dbchangelog/dbchangelog-ext.xsd">
	<changeSet author="natue00" id="ivakbs-136-1">
		<createTable tablespace="${tablespace}" tableName="SUB_ENTITEITEN">
			<column name="ENTITEIT_BSN" type="integer">
				<constraints nullable="false"/>
			</column>
			<column name="SUB_ENTITEIT_BSN" type="integer" >
				<constraints nullable="false"/>
			</column>
		</createTable>
	</changeSet>
	<changeSet author="natue00" id="ivakbs-136-2">
		<addPrimaryKey columnNames="ENTITEIT_BSN,SUB_ENTITEIT_BSN" constraintName="PK_SUB_ENTITEITEN" tableName="SUB_ENTITEITEN"/>
	</changeSet>
	<changeSet author="natue00" id="ivakbs-136-3">
		<sql>
			GRANT SELECT ON SUB_ENTITEITEN TO ROLE APP;
			GRANT INSERT ON SUB_ENTITEITEN TO ROLE APP;
			GRANT UPDATE ON SUB_ENTITEITEN TO ROLE APP;
			GRANT DELETE ON SUB_ENTITEITEN TO ROLE APP;
		</sql>
		<rollback>
			REVOKE ALL ON SUB_ENTITEITEN FROM ROLE APP;
		</rollback>
	</changeSet>
</databaseChangeLog>
