<databaseChangeLog xmlns="http://www.liquibase.org/xml/ns/dbchangelog"
				   xmlns:xsi="http://www.w3.org/2001/XMLSchema-instance"
				   xsi:schemaLocation="http://www.liquibase.org/xml/ns/dbchangelog http://www.liquibase.org/xml/ns/dbchangelog/dbchangelog-3.4.xsd">
	<changeSet author="kosho00" id="ivakbs-545-create-table">
		<createTable tablespace="${tablespace}" tableName="KLANTSESSIE_STATUS">
			<column name="KLANTSESSIE_ID" type="INTEGER">
				<constraints nullable="false"/>
			</column>
			<column name="MIDDEL_ID" type="INTEGER">
				<constraints nullable="false"/>
			</column>
			<column name="ZOOEF_STATUS" type="VARCHAR(10)">
				<constraints nullable="true"/>
			</column>
			<column name="COMPLIANCE_STATUS" type="VARCHAR(10)">
				<constraints nullable="true"/>
			</column>
			<column name="STRATEGIE_STATUS" type="VARCHAR(10)">
				<constraints nullable="true"/>
			</column>
			<column name="VOORBEREIDING_AFRONDEN_STATUS" type="VARCHAR(10)">
				<constraints nullable="true"/>
			</column>
			<column name="VOORBEREIDING_AFGEROND" type="BOOLEAN">
				<constraints nullable="false"/>
			</column>
		</createTable>
	</changeSet>
	<changeSet author="kosho00" id="ivakbs-545-add-primary-key">
		<addPrimaryKey tableName="KLANTSESSIE_STATUS" constraintName="PK_KLANTSESSIE_STATUS" columnNames="KLANTSESSIE_ID,MIDDEL_ID"/>
	</changeSet>
	<changeSet author="kosho00" id="ivakbs-545-grant">
		<sql>
			GRANT SELECT, INSERT, UPDATE, DELETE ON KLANTSESSIE_STATUS TO ROLE APP;
		</sql>
		<rollback>
			REVOKE ALL ON KLANTSESSIE_STATUS FROM ROLE APP;
		</rollback>
	</changeSet>
</databaseChangeLog>
