<databaseChangeLog xmlns="http://www.liquibase.org/xml/ns/dbchangelog"
                   xmlns:ext="http://www.liquibase.org/xml/ns/dbchangelog-ext"
                   xmlns:xsi="http://www.w3.org/2001/XMLSchema-instance"
                   xsi:schemaLocation="http://www.liquibase.org/xml/ns/dbchangelog http://www.liquibase.org/xml/ns/dbchangelog/dbchangelog-3.4.xsd http://www.liquibase.org/xml/ns/dbchangelog-ext http://www.liquibase.org/xml/ns/dbchangelog/dbchangelog-ext.xsd">
    <changeSet author="dekkj15" id="IVAKBS-408_1_Add-Column-KENMERK_ID">
        <addColumn tableName="ENTITEIT_KENMERK">
            <column name="KENMERK_ID" type="integer" defaultValue="null"/>
        </addColumn>
    </changeSet>

    <changeSet author="dekkj15" id="IVAKBS-408_2_Drop-existing-PK-before-migration">
        <dropPrimaryKey tableName="ENTITEIT_KENMERK" constraintName="PK_ENTITEIT_KENMERK_BSN_RSIN_KENMERK_TYPE"/>
    </changeSet>

    <changeSet author="dekkj15" id="IVAKBS-408_3_Migrate-KENMERKEN-to-KENMERK_ID-records">
        <sqlFile path="changesets/IVAKBS-408_3_Migrate-KENMERKEN-to-KENMERK_ID-records.sql" encoding="UTF-8" />
    </changeSet>

    <changeSet author="dekkj15" id="IVAKBS-408_4_Make-KENMERK_ID-not-nullable">
        <dropDefaultValue     tableName="ENTITEIT_KENMERK" columnName="KENMERK_ID" columnDataType="integer"/>
        <addNotNullConstraint tableName="ENTITEIT_KENMERK" columnName="KENMERK_ID" columnDataType="integer"/>
    </changeSet>

    <changeSet author="dekkj15" id="IVAKBS-408_5_Add-new-comp-PK-of-BSN_RSIN-KENMERK_TYPE-KENMERK_ID">
        <addPrimaryKey tableName="ENTITEIT_KENMERK" constraintName="PK_ENTITEIT_KENMERK" columnNames="BSN_RSIN, KENMERK_TYPE, KENMERK_ID"/>
    </changeSet>

    <changeSet author="dekkj15" id="IVAKBS-408_6_Drop-unused-column-KENMERKEN">
        <dropColumn tableName="ENTITEIT_KENMERK" columnName="KENMERKEN"/>
    </changeSet>
</databaseChangeLog>
