<databaseChangeLog xmlns="http://www.liquibase.org/xml/ns/dbchangelog" xmlns:ext="http://www.liquibase.org/xml/ns/dbchangelog-ext"
				   xmlns:xsi="http://www.w3.org/2001/XMLSchema-instance"
				   xsi:schemaLocation="http://www.liquibase.org/xml/ns/dbchangelog http://www.liquibase.org/xml/ns/dbchangelog/dbchangelog-3.4.xsd http://www.liquibase.org/xml/ns/dbchangelog-ext http://www.liquibase.org/xml/ns/dbchangelog/dbchangelog-ext.xsd">
	<changeSet author="kosho00" id="ivakbs-166-1">
		<createTable tablespace="${tablespace}" tableName="MIDDEL_RISICOS">
			<column name="ID" type="INTEGER">
				<constraints nullable="false"/>
			</column>
			<column name="MIDDEL_ID" type="INTEGER">
				<constraints nullable="false"/>
			</column>
			<column name="RISICO" type="VARCHAR(250)">
				<constraints nullable="false"/>
			</column>
			<column name="PARENT_ID" type="INTEGER" defaultValue="null">
				<constraints nullable="true"/>
			</column>
		</createTable>
	</changeSet>
	<changeSet author="kosho00" id="ivakbs-166-2">
		<addPrimaryKey columnNames="ID" constraintName="PK_MIDDEL_RISICOS" tableName="MIDDEL_RISICOS"/>
	</changeSet>
	<changeSet author="kosho00" id="ivakbs-166-3">
		<sql>
			GRANT SELECT ON MIDDEL_RISICOS TO ROLE APP;
			GRANT INSERT ON MIDDEL_RISICOS TO ROLE APP;
			GRANT UPDATE ON MIDDEL_RISICOS TO ROLE APP;
			GRANT DELETE ON MIDDEL_RISICOS TO ROLE APP;
		</sql>
		<rollback>
			REVOKE ALL ON MIDDEL_RISICOS FROM ROLE APP;
		</rollback>
	</changeSet>
	<changeSet author="kosho00" id="ivakbs-166-4">
		<createTable tablespace="${tablespace}" tableName="ENTITEIT_MIDDEL_RISICO">
			<column name="ID" type="INTEGER">
				<constraints nullable="false"/>
			</column>
			<column name="HOOFDRISICO_ID" type="INTEGER">
				<constraints nullable="false"/>
			</column>
			<column name="SUBRISICO_ID" type="INTEGER">
				<constraints nullable="true"/>
			</column>
			<column name="ENTITEIT_MIDDEL_KENMERK_ID" type="VARCHAR(100)">
				<!--<constraints nullable="true"/>-->
			</column>
			<column name="KEY_RISK" type="SMALLINT">
				<!--<constraints nullable="false"/>-->
			</column>
			<column name="STATUS_ID" type="INTEGER">
				<!--<constraints nullable="false"/>-->
			</column>
			<column name="RANK" type="INTEGER">
				<!--<constraints nullable="false"/>-->
			</column>
			<column name="ENTITEITNUMMER" type="INTEGER">
				<constraints nullable="false"/>
			</column>
		</createTable>
	</changeSet>
	<changeSet author="kosho00" id="ivakbs-166-5">
		<addAutoIncrement
				columnDataType="integer"
				columnName="ID"
				incrementBy="1"
				tableName="ENTITEIT_MIDDEL_RISICO"/>
	</changeSet>
	<changeSet author="kosho00" id="ivakbs-166-6">
		<addPrimaryKey columnNames="ID" constraintName="PK_ENTITEIT_MIDDEL_RISICO" tableName="ENTITEIT_MIDDEL_RISICO"/>
	</changeSet>
	<changeSet author="kosho00" id="ivakbs-166-7">
		<sql>
			GRANT SELECT ON ENTITEIT_MIDDEL_RISICO TO ROLE APP;
			GRANT INSERT ON ENTITEIT_MIDDEL_RISICO TO ROLE APP;
			GRANT UPDATE ON ENTITEIT_MIDDEL_RISICO TO ROLE APP;
			GRANT DELETE ON ENTITEIT_MIDDEL_RISICO TO ROLE APP;
		</sql>
		<rollback>
			REVOKE ALL ON ENTITEIT_MIDDEL_RISICO FROM ROLE APP;
		</rollback>
	</changeSet>
</databaseChangeLog>
