<databaseChangeLog xmlns="http://www.liquibase.org/xml/ns/dbchangelog" xmlns:ext="http://www.liquibase.org/xml/ns/dbchangelog-ext"
				   xmlns:xsi="http://www.w3.org/2001/XMLSchema-instance"
				   xsi:schemaLocation="http://www.liquibase.org/xml/ns/dbchangelog http://www.liquibase.org/xml/ns/dbchangelog/dbchangelog-3.4.xsd http://www.liquibase.org/xml/ns/dbchangelog-ext http://www.liquibase.org/xml/ns/dbchangelog/dbchangelog-ext.xsd">
	<changeSet author="kosho00" id="ivakbs-166-8">
		<createTable tablespace="${tablespace}" tableName="KENMERK_RISICOS_KOPPELING">
			<column name="MIDDEL_KENMERK_ID" type="INTEGER">
				<constraints nullable="false"/>
			</column>
			<column name="MIDDEL_RISICO_ID" type="INTEGER">
				<constraints nullable="false"/>
			</column>
		</createTable>
	</changeSet>
	<changeSet author="kosho00" id="ivakbs-166-9">
		<addPrimaryKey
				columnNames="MIDDEL_KENMERK_ID, MIDDEL_RISICO_ID"
				constraintName="PK_KENMERK_RISICOS"
				tableName="KENMERK_RISICOS_KOPPELING"/>
	</changeSet>
	<changeSet author="kosho00" id="ivakbs-166-10">
		<sql>
			GRANT SELECT ON KENMERK_RISICOS_KOPPELING TO ROLE APP;
			GRANT INSERT ON KENMERK_RISICOS_KOPPELING TO ROLE APP;
			GRANT UPDATE ON KENMERK_RISICOS_KOPPELING TO ROLE APP;
			GRANT DELETE ON KENMERK_RISICOS_KOPPELING TO ROLE APP;
		</sql>
		<rollback>
			REVOKE ALL ON KENMERK_RISICOS_KOPPELING FROM ROLE APP;
		</rollback>
	</changeSet>
</databaseChangeLog>
