<databaseChangeLog xmlns="http://www.liquibase.org/xml/ns/dbchangelog"
				   xmlns:xsi="http://www.w3.org/2001/XMLSchema-instance"
				   xsi:schemaLocation="http://www.liquibase.org/xml/ns/dbchangelog http://www.liquibase.org/xml/ns/dbchangelog/dbchangelog-3.4.xsd">
	<changeSet author="dekkj15" id="IVAKBS-628_1_Create_tables">
		<createTable tablespace="${tablespace}" tableName="KLANTSESSIE">
			<column name="ID" type="INTEGER" autoIncrement="true">
				<constraints nullable="false"/>
			</column> <!-- TODO: Should ID be of type INTEGER or BIGINT like ENTITEIT_NUMMER? In theory there can be multiple klantsessies per entiteit so probably the latter? Should we update this everywhere autogenerated ID's are used? -->
			<column name="ENTITEIT_NUMMER" type="BIGINT">
				<constraints nullable="false"/>
			</column>
			<column name="STARTDATUM" type="DATETIME"> <!-- TODO DATE instead of DATETIME? Why? -->
				<constraints nullable="false"/>
			</column>
			<column name="EINDDATUM" type="DATETIME">
				<constraints nullable="true"/>
			</column>
			<column name="CONTROLE_PLAATSGEVONDEN" type="BOOLEAN">
				<constraints nullable="false"/>
			</column>
			<column name="ACT_GEBASEERD_GEHOUDEN_KLANTSESSIE" type="BOOLEAN">
				<constraints nullable="false"/>
			</column>
			<!-- As per Charlottha's feedback, will use Olga's max size when no max size is defined by business: " 32672 max varchar size. for bigger use blob or clob dataType" -->
			<column name="TOELICHTING_GEHOUDEN_KLANTSESSIE" type="VARCHAR(32672)">
				<constraints nullable="true"/>
			</column>
			<!-- <column name="LAST_UPDATED" type="DATETIME">
				<constraints nullable="false"/>
			</column>
			<column name="LAST_UPDATED_BY_USER_ID" type="VARCHAR(10)">
				<constraints nullable="false"/>
			</column> -->
		</createTable>

		<createTable tablespace="${tablespace}" tableName="KLANTSESSIE_ZOOEF">
			<column name="KLANTSESSIE_ID" type="INTEGER">
				<constraints nullable="false"/>
			</column>
			<column name="MIDDEL_ID" type="INTEGER">
				<constraints nullable="false"/>
			</column>
			<column name="OBSERVATIES" type="CLOB">
				<constraints nullable="true"/>
			</column>
			<column name="VORIGE_OBSERVATIES_NOG_ACTUEEL" type="BOOLEAN">
				<constraints nullable="false"/>
			</column>
			<!-- LAST_UPDATED & LAST_UPDATED_BY_USER_ID? -->
		</createTable>

		<createTable tablespace="${tablespace}" tableName="KLANTSESSIE_COMPLIANCE">
			<column name="KLANTSESSIE_ID" type="INTEGER">
				<constraints nullable="false"/>
			</column>
			<column name="MIDDEL_ID" type="INTEGER">
				<constraints nullable="false"/>
			</column>
			<column name="KENMERK_ID" type="INTEGER">
				<constraints nullable="false"/>
			</column>
			<column name="SCORE" type="INTEGER">
				<constraints nullable="false"/>
			</column>
			<column name="TOELICHTING" type="VARCHAR(32672)">
				<constraints nullable="true"/>
			</column>
			<!-- LAST_UPDATED & LAST_UPDATED_BY_USER_ID? -->
		</createTable>

		<createTable tablespace="${tablespace}" tableName="KLANTSESSIE_COMPLIANCE_PER_PROCESS">
			<column name="KLANTSESSIE_ID" type="INTEGER">
				<constraints nullable="false"/>
			</column>
			<column name="MIDDEL_ID" type="INTEGER">
				<constraints nullable="false"/>
			</column>
			<column name="VOOROVERLEG" type="INTEGER">
				<constraints nullable="false"/>
			</column>
			<column name="HEFFING" type="INTEGER">
				<constraints nullable="false"/>
			</column>
			<column name="BEZWAREN" type="INTEGER">
				<constraints nullable="false"/>
			</column>
			<!-- LAST_UPDATED & LAST_UPDATED_BY_USER_ID? -->
		</createTable>

		<createTable tablespace="${tablespace}" tableName="KLANTSESSIE_STRATEGIE">
			<column name="KLANTSESSIE_ID" type="INTEGER">
				<constraints nullable="false"/>
			</column>
			<column name="MIDDEL_ID" type="INTEGER">
				<constraints nullable="false"/>
			</column>
			<column name="KORTE_TERMIJN" type="VARCHAR(32672)">
				<constraints nullable="true"/>
			</column>
			<column name="MIDDELLANGE_TERMIJN" type="VARCHAR(32672)">
				<constraints nullable="true"/>
			</column>
			<!-- LAST_UPDATED & LAST_UPDATED_BY_USER_ID? -->
		</createTable>

		<createTable tablespace="${tablespace}" tableName="KLANTSESSIE_STRATEGIE_RISICOS">
			<column name="KLANTSESSIE_ID" type="INTEGER">
				<constraints nullable="false"/>
			</column>
			<column name="MIDDEL_ID" type="INTEGER">
				<constraints nullable="false"/>
			</column>
			<column name="RISICO_ID" type="INTEGER">
				<constraints nullable="false"/>
			</column>
			<!-- LAST_UPDATED & LAST_UPDATED_BY_USER_ID? -->
		</createTable>

		<createTable tablespace="${tablespace}" tableName="KLANTSESSIE_UITKOMST">
			<column name="KLANTSESSIE_ID" type="INTEGER">
				<constraints nullable="false"/>
			</column>
			<column name="KENMERK_ID" type="INTEGER">
				<constraints nullable="false"/>
			</column>
			<column name="SCORE" type="INTEGER">
				<constraints nullable="false"/>
			</column>
			<column name="STRATEGIE_GERICHT_OP" type="INTEGER">
				<constraints nullable="false"/>
			</column>
			<column name="TOELICHTING" type="VARCHAR(32672)">
				<constraints nullable="true"/>
			</column>
			<!-- LAST_UPDATED & LAST_UPDATED_BY_USER_ID? -->
		</createTable>
	</changeSet>
	<changeSet author="dekkj15" id="IVAKBS-628_2_Add_primary_keys">
		<addPrimaryKey tableName="KLANTSESSIE"							constraintName="PK_KLANTSESSIE"							columnNames="ID"/>
		<addPrimaryKey tableName="KLANTSESSIE_ZOOEF"					constraintName="PK_KLANTSESSIE_ZOOEF"					columnNames="KLANTSESSIE_ID,MIDDEL_ID"/>
		<addPrimaryKey tableName="KLANTSESSIE_COMPLIANCE"				constraintName="PK_KLANTSESSIE_COMPLIANCE"				columnNames="KLANTSESSIE_ID,MIDDEL_ID,KENMERK_ID"/>
		<addPrimaryKey tableName="KLANTSESSIE_COMPLIANCE_PER_PROCESS"	constraintName="PK_KLANTSESSIE_COMPLIANCE_PER_PROCESS"	columnNames="KLANTSESSIE_ID,MIDDEL_ID"/>
		<addPrimaryKey tableName="KLANTSESSIE_STRATEGIE"				constraintName="PK_KLANTSESSIE_STRATEGIE"				columnNames="KLANTSESSIE_ID,MIDDEL_ID"/>
		<addPrimaryKey tableName="KLANTSESSIE_STRATEGIE_RISICOS"		constraintName="PK_KLANTSESSIE_STRATEGIE_RISICOS"		columnNames="KLANTSESSIE_ID,MIDDEL_ID,RISICO_ID"/>
		<addPrimaryKey tableName="KLANTSESSIE_UITKOMST"					constraintName="PK_KLANTSESSIE_UITKOMST"				columnNames="KLANTSESSIE_ID,KENMERK_ID"/>
	</changeSet>
	<changeSet author="dekkj15" id="IVAKBS-628_3_GRANTs">
		<sql>
			GRANT SELECT, INSERT, UPDATE, DELETE ON KLANTSESSIE                        TO ROLE APP;
			GRANT SELECT, INSERT, UPDATE, DELETE ON KLANTSESSIE_ZOOEF                  TO ROLE APP;
			GRANT SELECT, INSERT, UPDATE, DELETE ON KLANTSESSIE_COMPLIANCE             TO ROLE APP;
			GRANT SELECT, INSERT, UPDATE, DELETE ON KLANTSESSIE_COMPLIANCE_PER_PROCESS TO ROLE APP;
			GRANT SELECT, INSERT, UPDATE, DELETE ON KLANTSESSIE_STRATEGIE              TO ROLE APP;
			GRANT SELECT, INSERT, UPDATE, DELETE ON KLANTSESSIE_STRATEGIE_RISICOS      TO ROLE APP;
			GRANT SELECT, INSERT, UPDATE, DELETE ON KLANTSESSIE_UITKOMST               TO ROLE APP;
		</sql>
		<rollback>
			REVOKE ALL ON KLANTSESSIE                        FROM ROLE APP;
			REVOKE ALL ON KLANTSESSIE_ZOOEF                  FROM ROLE APP;
			REVOKE ALL ON KLANTSESSIE_COMPLIANCE             FROM ROLE APP;
			REVOKE ALL ON KLANTSESSIE_COMPLIANCE_PER_PROCESS FROM ROLE APP;
			REVOKE ALL ON KLANTSESSIE_STRATEGIE              FROM ROLE APP;
			REVOKE ALL ON KLANTSESSIE_STRATEGIE_RISICOS      FROM ROLE APP;
			REVOKE ALL ON KLANTSESSIE_UITKOMST               FROM ROLE APP;
		</rollback>
	</changeSet>
</databaseChangeLog>
