<databaseChangeLog xmlns="http://www.liquibase.org/xml/ns/dbchangelog"
                   xmlns:xsi="http://www.w3.org/2001/XMLSchema-instance"
                   xsi:schemaLocation="http://www.liquibase.org/xml/ns/dbchangelog http://www.liquibase.org/xml/ns/dbchangelog/dbchangelog-3.4.xsd">
    <changeSet author="natue00" id="IVAKBS-798-1">
        <delete tableName="ENTITEIT_MIDDEL_RISICO">
        </delete>
    </changeSet>
    <changeSet author="natue00" id="IVAKBS-798-2">
        <addColumn tableName="ENTITEIT_MIDDEL_RISICO">
            <column name="BEHEERSING" type="INTEGER"/>
        </addColumn>
    </changeSet>
    <changeSet author="natue00" id="IVAKBS-798-3">
        <addNotNullConstraint columnName="BEHEERSING"
                              tableName="ENTITEIT_MIDDEL_RISICO"/>
        <addNotNullConstraint columnName="KEY_RISK"
                              tableName="ENTITEIT_MIDDEL_RISICO"/>
        <addNotNullConstraint columnName="STATUS_ID"
                              tableName="ENTITEIT_MIDDEL_RISICO"/>
    </changeSet>
</databaseChangeLog>
