<?xml version="1.0" encoding="UTF-8" standalone="no"?>
<databaseChangeLog xmlns="http://www.liquibase.org/xml/ns/dbchangelog" xmlns:xsi="http://www.w3.org/2001/XMLSchema-instance"
                   xsi:schemaLocation="http://www.liquibase.org/xml/ns/dbchangelog http://www.liquibase.org/xml/ns/dbchangelog/dbchangelog-3.4.xsd">
  <!-- defaultContexts supported from liquiBase version 3.5 -->
  <!-- defaultContexts>ONT</defaultContexts -->
  <!-- Release: ${version} : build#: ${buildNumber} -->
  <property  name="tablespace"  value="KBSSPACE1"/>

  <include file="Create_tablespace.xml" relativeToChangelogFile="true"/>

  <include file="Create_apikey_table.xml" relativeToChangelogFile="true"/>
  <include file="Create_feedback_table.xml" relativeToChangelogFile="true"/>
  <include file="IVAKBS-58_Create-helptekst-table.xml" relativeToChangelogFile="true"/>
  <include file="IVAKBS-58_Create-kenmerken-and-entiteit-kenmerken-table.xml" relativeToChangelogFile="true"/>
  <include file="IVAKBS-115-AlterTable-feedback.xml" relativeToChangelogFile="true"/>

  <!-- autorisatie nodig voor hibernate in springboot -->
  <include file="Grant_sysdummy1.xml" relativeToChangelogFile="true"/>
  <include file="Grant_syssequences.xml" relativeToChangelogFile="true"/>

  <include file="IVAKBS-84_Create-ZICHT_OP_ORGANISATIE_OMVANG-table.xml" relativeToChangelogFile="true"/>
  <include file="IVAKBS-62-kenmerken-per-entiteit.xml" relativeToChangelogFile="true"/>

  <include file="IVAKBS-136-Create-sub-entiteiten-table.xml" relativeToChangelogFile="true"/>
  <include file="IVAKBS-59-AlterTable-kenmerk.xml" relativeToChangelogFile="true"/>
  <include file="IVAKBS-144_entiteit-kenmerk_values_added.xml" relativeToChangelogFile="true"/>
  <include file="IVAKBS-163-kenmerk_added_column_kenmerk_parent_id.xml" relativeToChangelogFile="true"/>
  <include file="IVAKBS-165-Create-Middelspecifieke kenmerken-tables.xml" relativeToChangelogFile="true"/>
  <include file="IVAKBS-166-Create-MiddelspecifiekeRisicos-tables.xml" relativeToChangelogFile="true"/>
  <include file="IVAKBS-166-Create-Middel_Kenmerk_Risicos_Koppeling-table.xml" relativeToChangelogFile="true"/>
  <include file="IVAKBS-304-AlterTable-feedback.xml" relativeToChangelogFile="true"/>
  <include file="IVAKBS-227-Create-Logging-table.xml" relativeToChangelogFile="true"/>
  <include file="IVAKBS-261_CreateTable-Middelspecifieke-Kenmerken-Business-Rules.xml" relativeToChangelogFile="true"/>
  <include file="IVAKBS-408_entiteit-kenmerk_Refactor-CSV-column.xml" relativeToChangelogFile="true"/>
  <include file="IVAKBS-412-AlterTable-feedback.xml" relativeToChangelogFile="true"/>
  <include file="IVAKBS-538-Middel_Risicos_added_column_Rank.xml" relativeToChangelogFile="true"/>
  <include file="IVAKBS-628_Create-KLANTSESSIE-tables.xml" relativeToChangelogFile="true"/>
  <include file="IVAKBS-666-Create-Message-table.xml" relativeToChangelogFile="true"/>
  <include file="IVAKBS-762-AlterTable-KLANTSESSIE_COMPLIANCE.xml" relativeToChangelogFile="true"/>
  <include file="IVAKBS-810-AlterTable-ENTITEIT_KENMERK_Column-VALUE_LIST.xml" relativeToChangelogFile="true"/>
  <include file="IVAKBS-805-Alter-Klantsessie-Tables-toelichting-datatype.xml" relativeToChangelogFile="true"/>
  <include file="IVAKBS-866-Create-TEST_ENTITEITEN-table.xml" relativeToChangelogFile="true"/>
  <include file="Create-Views.xml" relativeToChangelogFile="true"/>
  <include file="IVAKBS-545_Create-KLANTSESSIE-STATUS.xml" relativeToChangelogFile="true"/>
  <include file="IVAKBS-424-Create-table-Middelnaam-afkorting.xml" relativeToChangelogFile="true"/>
  <include file="IVAKBS-762-AlterTable-KLANTSESSIE_UITKOMST.xml" relativeToChangelogFile="true"/>
  <include file="IVAKBS-927-AlterTable-KLANTSESSIE.xml" relativeToChangelogFile="true"/>
  <include file="IVAKBS-901-Create-Logging-2-table.xml" relativeToChangelogFile="true"/>
  <include file="IVAKBS-998-AlterTable-Logging-2.xml" relativeToChangelogFile="true"/>
  <include file="IVAKBS-963-Create-Index-Logging-2-logging_id-entiteit-nummer.xml" relativeToChangelogFile="true"/>
  <include file="IVAKBS-798-AlterTable-Entiteit_Middel_risico.xml" relativeToChangelogFile="true"/>
  <include file="IVAKBS-1017-AlterTable-Logging-2_Entiteit_nummer_non_null.xml" relativeToChangelogFile="true"/>
  <include file="IVAKBS-1045-AlterTable-MIDDELNAAM_AFKORTING-nullable-RANK.xml" relativeToChangelogFile="true"/>

  <include file="AddApiKeys.xml" relativeToChangelogFile="true"/>
  <include file="AddKenmerken.xml" relativeToChangelogFile="true"/>
  <include file="AddTestdataHelpteksten.xml" relativeToChangelogFile="true"/>
  <include file="AddTestdataPreviousKlantsessie.xml" relativeToChangelogFile="true"/>
  <include file="AddMiddelKenmerken.xml" relativeToChangelogFile="true"/>
  <include file="AddMiddelRisicos.xml" relativeToChangelogFile="true"/>
  <include file="AddMiddelSpecifiekeKenmerkenBusinessRules.xml" relativeToChangelogFile="true"/>
  <include file="IVAKBS-544-Change-overige-middelname.xml" relativeToChangelogFile="true"/>
  <include file="AddMiddelnaamAfkortingen.xml" relativeToChangelogFile="true"/>
</databaseChangeLog>
