<databaseChangeLog xmlns="http://www.liquibase.org/xml/ns/dbchangelog" xmlns:ext="http://www.liquibase.org/xml/ns/dbchangelog-ext"
				   xmlns:xsi="http://www.w3.org/2001/XMLSchema-instance"
				   xsi:schemaLocation="http://www.liquibase.org/xml/ns/dbchangelog http://www.liquibase.org/xml/ns/dbchangelog/dbchangelog-3.4.xsd http://www.liquibase.org/xml/ns/dbchangelog-ext http://www.liquibase.org/xml/ns/dbchangelog/dbchangelog-ext.xsd">
	<changeSet author="dekkj15" id="ivakbs-84-1">
		<createTable tablespace="${tablespace}" tableName="ZICHT_OP_ORGANISATIE_OMVANG">
			<column name="ENTITEIT_NUMMER" type="BIGINT">
				<constraints nullable="false"/>
			</column>

			<column name="AANTAL_BUITENLANDSE_DEELNEMINGEN" type="INTEGER">
				<!-- <constraints nullable="false"/> -->
			</column>
			<column name="AANTAL_VASTE_INRICHTINGEN" type="INTEGER">
				<!-- <constraints nullable="false"/> -->
			</column>

			<column name="TOTALE_VRIJGESTELDE_OMZET" type="BIGINT">
				<!-- <constraints nullable="false"/> -->
			</column>

			<column name="LAST_UPDATED" type="DATETIME">
				<constraints nullable="false"/>
			</column>
			<column name="LAST_UPDATED_BY_USER_ID" type="VARCHAR(10)">
				<constraints nullable="false"/>
			</column>
		</createTable>
	</changeSet>
	<changeSet author="dekkj15" id="ivakbs-84-2">
		<addPrimaryKey columnNames="ENTITEIT_NUMMER" constraintName="PK_ZICHT_OP_ORGANISATIE_OMVANG" tableName="ZICHT_OP_ORGANISATIE_OMVANG"/>
	</changeSet>
	<changeSet author="dekkj15" id="ivakbs-84-3">
		<sql>
			GRANT SELECT ON ZICHT_OP_ORGANISATIE_OMVANG TO ROLE APP;
			GRANT INSERT ON ZICHT_OP_ORGANISATIE_OMVANG TO ROLE APP;
			GRANT UPDATE ON ZICHT_OP_ORGANISATIE_OMVANG TO ROLE APP;
			GRANT DELETE ON ZICHT_OP_ORGANISATIE_OMVANG TO ROLE APP;
		</sql>
		<rollback>
			REVOKE ALL ON ZICHT_OP_ORGANISATIE_OMVANG FROM ROLE APP;
		</rollback>
	</changeSet>
</databaseChangeLog>
