<databaseChangeLog xmlns="http://www.liquibase.org/xml/ns/dbchangelog" xmlns:ext="http://www.liquibase.org/xml/ns/dbchangelog-ext"
				   xmlns:xsi="http://www.w3.org/2001/XMLSchema-instance"
				   xsi:schemaLocation="http://www.liquibase.org/xml/ns/dbchangelog http://www.liquibase.org/xml/ns/dbchangelog/dbchangelog-3.4.xsd http://www.liquibase.org/xml/ns/dbchangelog-ext http://www.liquibase.org/xml/ns/dbchangelog/dbchangelog-ext.xsd">
	<changeSet author="duisr01" id="ivakbs-666-1">
		<createTable tablespace="${tablespace}" tableName="MESSAGE">
			<column name="ID" type="INTEGER" autoIncrement="true">
				<constraints nullable="false"/>
			</column>
			<column name="VALUE" type="VARCHAR(255)">
				<constraints nullable="false"/>
			</column>
			<column name="START" type="DATETIME">
				<constraints nullable="false"/>
			</column>
			<column name="END" type="DATETIME">
				<constraints nullable="false"/>
			</column>
		
		</createTable>
	</changeSet>
	<changeSet author="duisr01" id="ivakbs-666-2">
		<addPrimaryKey columnNames="ID" constraintName="PK_MESSAGE" tableName="MESSAGE"/>
	</changeSet>
	<changeSet author="duisr01" id="ivakbs-666-3">
		<sql>
			GRANT SELECT ON MESSAGE TO ROLE APP;
			GRANT INSERT ON MESSAGE TO ROLE APP;
			GRANT UPDATE ON MESSAGE TO ROLE APP;
			GRANT DELETE ON MESSAGE TO ROLE APP;
		</sql>
		<rollback>
			REVOKE ALL ON MESSAGE FROM ROLE APP;
		</rollback>
	</changeSet>
</databaseChangeLog>
