<databaseChangeLog xmlns="http://www.liquibase.org/xml/ns/dbchangelog" xmlns:ext="http://www.liquibase.org/xml/ns/dbchangelog-ext"
				   xmlns:xsi="http://www.w3.org/2001/XMLSchema-instance"
				   xsi:schemaLocation="http://www.liquibase.org/xml/ns/dbchangelog http://www.liquibase.org/xml/ns/dbchangelog/dbchangelog-3.4.xsd http://www.liquibase.org/xml/ns/dbchangelog-ext http://www.liquibase.org/xml/ns/dbchangelog/dbchangelog-ext.xsd">
	<changeSet author="natue00" id="ivakbs-227-1">
		<createTable tablespace="${tablespace}" tableName="LOGGING">
			<column name="ID" type="INTEGER" autoIncrement="true">
				<constraints nullable="false"/>
			</column>
			<column name="USER" type="VARCHAR(10)">
				<constraints nullable="false"/>
			</column>
			<column name="TABEL_NAAM" type="VARCHAR(50)">
				<constraints nullable="false"/>
			</column>
			<column name="DATUM" type="DATETIME">
				<constraints nullable="false"/>
			</column>
			<column name="ENTITEIT_NUMMER" type="integer">
				<constraints nullable="false"/>
			</column>
			<column name="PRIMARY_KEY_RECORD_ID" type="integer">
				<constraints nullable="true"/>
			</column>
			<column name="PRIMARY_KEY_COMBINATION" type="VARCHAR(255)">
				<constraints nullable="true"/>
			</column>
			<column name="BEWERKING" type="VARCHAR(50)">
				<constraints nullable="false"/>
			</column>
		</createTable>
	</changeSet>
	<changeSet author="natue00" id="ivakbs-227-2">
		<addPrimaryKey columnNames="ID" constraintName="PK_LOGGING" tableName="LOGGING"/>
	</changeSet>
	<changeSet author="natue00" id="ivakbs-227-3">
		<sql>
			GRANT SELECT ON LOGGING TO ROLE APP;
			GRANT INSERT ON LOGGING TO ROLE APP;
			GRANT UPDATE ON LOGGING TO ROLE APP;
			GRANT DELETE ON LOGGING TO ROLE APP;
		</sql>
		<rollback>
			REVOKE ALL ON LOGGING FROM ROLE APP;
		</rollback>
	</changeSet>
</databaseChangeLog>
