<databaseChangeLog xmlns="http://www.liquibase.org/xml/ns/dbchangelog"
                   xmlns:ext="http://www.liquibase.org/xml/ns/dbchangelog-ext"
                   xmlns:xsi="http://www.w3.org/2001/XMLSchema-instance"
                   xsi:schemaLocation="http://www.liquibase.org/xml/ns/dbchangelog http://www.liquibase.org/xml/ns/dbchangelog/dbchangelog-3.4.xsd http://www.liquibase.org/xml/ns/dbchangelog-ext http://www.liquibase.org/xml/ns/dbchangelog/dbchangelog-ext.xsd">
    <changeSet author="hubeh00" id="ivakbs-62-aanvullingen-per-entiteit-10">
        <dropPrimaryKey
                tableName="ENTITEIT_KENMERK"
                constraintName="PK_ENTEIT_KENMERK"
        ></dropPrimaryKey>
    </changeSet>
    <changeSet author="hubeh00" id="ivakbs-62-aanvullingen-per-entiteit-20">
        <renameColumn
                oldColumnName="ID"
                newColumnName="BSN_RSIN"
                tableName="ENTITEIT_KENMERK"
        ></renameColumn>
        <addColumn tableName="ENTITEIT_KENMERK">
            <column
                    name="KENMERK_TYPE"
                    type="VARCHAR(255)"
                    defaultValue=""
            >
                <constraints nullable="false"/>
            </column>
        </addColumn>
        <addPrimaryKey
                constraintName="PK_ENTITEIT_KENMERK_BSN_RSIN_KENMERK_TYPE"
                tableName="ENTITEIT_KENMERK"
                columnNames="BSN_RSIN, KENMERK_TYPE"
        ></addPrimaryKey>
    </changeSet>
</databaseChangeLog>
