<databaseChangeLog xmlns="http://www.liquibase.org/xml/ns/dbchangelog" xmlns:ext="http://www.liquibase.org/xml/ns/dbchangelog-ext"
				   xmlns:xsi="http://www.w3.org/2001/XMLSchema-instance"
				   xsi:schemaLocation="http://www.liquibase.org/xml/ns/dbchangelog http://www.liquibase.org/xml/ns/dbchangelog/dbchangelog-3.4.xsd http://www.liquibase.org/xml/ns/dbchangelog-ext http://www.liquibase.org/xml/ns/dbchangelog/dbchangelog-ext.xsd">
	<changeSet author="weera09" id="ivakbs-58-10">
		<createTable tablespace="${tablespace}" tableName="KENMERK">
			<column name="ID" type="integer">
				<constraints nullable="false"/>
			</column>
			<column name="GROEP" type="VARCHAR(5)">
				<constraints nullable="false"/>
			</column>
			<column name="KENMERK" type="VARCHAR(100)">
				<constraints nullable="false"/>
			</column>
		</createTable>
	</changeSet>
	<changeSet author="weera09" id="ivakbs-58-11">
		<addPrimaryKey columnNames="ID" constraintName="PK_KENMERK" tableName="KENMERK"/>
	</changeSet>
	<changeSet author="weera09" id="ivakbs-58-12">
		<sql>
			GRANT SELECT ON KENMERK TO ROLE APP;
			GRANT INSERT ON KENMERK TO ROLE APP;
			GRANT UPDATE ON KENMERK TO ROLE APP;
			GRANT DELETE ON KENMERK TO ROLE APP;
		</sql>
		<rollback>
			REVOKE ALL ON KENMERK FROM ROLE APP;
		</rollback>
	</changeSet>
	<changeSet author="weera09" id="ivakbs-58-20">
		<createTable tablespace="${tablespace}" tableName="ENTITEIT_KENMERK">
			<column name="ID" type="integer">
				<constraints nullable="false"/>
			</column>
			<column name="KENMERKEN" type="VARCHAR(100)">
				<constraints nullable="false"/>
			</column>
		</createTable>
	</changeSet>
	<changeSet author="weera09" id="ivakbs-58-21">
		<addPrimaryKey columnNames="ID" constraintName="PK_ENTITEIT_KENMERK" tableName="ENTITEIT_KENMERK"/>
	</changeSet>
	<changeSet author="weera09" id="ivakbs-58-22">
		<sql>
			GRANT SELECT ON ENTITEIT_KENMERK TO ROLE APP;
			GRANT INSERT ON ENTITEIT_KENMERK TO ROLE APP;
			GRANT UPDATE ON ENTITEIT_KENMERK TO ROLE APP;
			GRANT DELETE ON ENTITEIT_KENMERK TO ROLE APP;
		</sql>
		<rollback>
			REVOKE ALL ON ENTITEIT_KENMERK FROM ROLE APP;
		</rollback>
	</changeSet>
	<changeSet author="dekkj15" id="ivakbs-628_Enlarge_KENMERK_column_GROEP_from_VARCHAR_5_to_10">
		<modifyDataType columnName="GROEP" newDataType="varchar(10)" tableName="KENMERK"/>
	</changeSet>
</databaseChangeLog>
