<databaseChangeLog xmlns="http://www.liquibase.org/xml/ns/dbchangelog" xmlns:ext="http://www.liquibase.org/xml/ns/dbchangelog-ext"
				   xmlns:xsi="http://www.w3.org/2001/XMLSchema-instance"
				   xsi:schemaLocation="http://www.liquibase.org/xml/ns/dbchangelog http://www.liquibase.org/xml/ns/dbchangelog/dbchangelog-3.4.xsd http://www.liquibase.org/xml/ns/dbchangelog-ext http://www.liquibase.org/xml/ns/dbchangelog/dbchangelog-ext.xsd">
	<changeSet author="natue00" id="ivakbs-424-1">
		<createTable tablespace="${tablespace}" tableName="MIDDELNAAM_AFKORTING">
			<column name="MIDDEL_ID" type="INTEGER">
				<constraints nullable="false"/>
			</column>
			<column name="NAAM" type="VARCHAR(300)">
				<constraints nullable="false"/>
			</column>
			<column name="AFKORTING" type="VARCHAR(10)">
				<constraints nullable="false"/>
			</column>
			<column name="RANK" type="INTEGER" defaultValue="null">
				<constraints nullable="false"/>
			</column>
		</createTable>
	</changeSet>
	<changeSet author="natue00" id="ivakbs-424-2">
		<addPrimaryKey columnNames="MIDDEL_ID" constraintName="PK_MIDDELNAAM_AFKORTING" tableName="MIDDELNAAM_AFKORTING"/>
	</changeSet>
	<changeSet author="natue00" id="ivakbs-424-3">
		<sql>
			GRANT SELECT ON MIDDELNAAM_AFKORTING TO ROLE APP;
			GRANT INSERT ON MIDDELNAAM_AFKORTING TO ROLE APP;
			GRANT UPDATE ON MIDDELNAAM_AFKORTING TO ROLE APP;
			GRANT DELETE ON MIDDELNAAM_AFKORTING TO ROLE APP;
		</sql>
		<rollback>
			REVOKE ALL ON MIDDELNAAM_AFKORTING FROM ROLE APP;
		</rollback>
	</changeSet>
</databaseChangeLog>
