<Configuration>
    <Properties>
        <Property name="filename">c:/ws/was-log/inzicht.log</Property>
    </Properties>
    <Appenders>
        <Console name="ConsoleAppender">
            <PatternLayout>
                <pattern>%-5p [%C{1}.%M()] %m%n</pattern>
            </PatternLayout>
        </Console>
        <RollingFile name="RollingFileAppender" fileName="${filename}" filePattern="${filename}.%d{yyyy-MM-dd}">
            <PatternLayout>
                <pattern>%d{yyyy-MM-dd HH:mm:ss.SSS} %-5p %m%n</pattern>
            </PatternLayout>
            <Policies>
                <TimeBasedTriggeringPolicy interval="1" modulate="true"/>
            </Policies>
            <DefaultRolloverStrategy>
                <Delete basePath="C:/ws/was-log/" maxDepth="1">
                    <IfFileName glob="inzicht.log.*"/>
                    <IfLastModified age="14d"/>
                </Delete>
            </DefaultRolloverStrategy>
        </RollingFile>
    </Appenders>
    <Loggers>
        <Logger name="nl.belastingdienst.iva.inzicht" level="debug" additivity="false">
            <AppenderRef ref="RollingFileAppender"/>
            <AppenderRef ref="ConsoleAppender"/>
        </Logger>
        <Root level="error" additivity="false">
            <AppenderRef ref="ConsoleAppender"/>
        </Root>
    </Loggers>
</Configuration>
