<?xml version="1.0" encoding="UTF-8" standalone="no"?>
<databaseChangeLog xmlns:xsi="http://www.w3.org/2001/XMLSchema-instance" xmlns="http://www.liquibase.org/xml/ns/dbchangelog"
    xsi:schemaLocation="http://www.liquibase.org/xml/ns/dbchangelog http://www.liquibase.org/xml/ns/dbchangelog/dbchangelog-3.4.xsd">

	<changeSet author="hubem00" id="000-createtablespace">
        <!-- controleert of tablespace al bestaat. Zo ja, maak TS niet aan -->
        <preConditions  onFail="MARK_RAN">
            <sqlCheck  expectedResult="0">select count(1) from syscat.tablespaces where tbspace = '${tablespace}'</sqlCheck>
        </preConditions>
		<sql>create tablespace ${tablespace}</sql>
	</changeSet>	
	
</databaseChangeLog>
