<?xml version="1.0" encoding="UTF-8" standalone="no"?>
<databaseChangeLog xmlns:xsi="http://www.w3.org/2001/XMLSchema-instance" xmlns="http://www.liquibase.org/xml/ns/dbchangelog"
    xsi:schemaLocation="http://www.liquibase.org/xml/ns/dbchangelog http://www.liquibase.org/xml/ns/dbchangelog/dbchangelog-3.4.xsd">

    <!-- Inhoud van Excel sheet Kwaliteitsraamwerk I(v), kolommen T - AE -->

    <changeSet author="hubem00" id="012-functiegroep-table">
		<createTable tablespace="${tablespace}" tableName="FUNCTIEGROEP">
			<column name="ID" type="INTEGER" autoIncrement="true">
				<constraints nullable="false"/>
			</column>
			<column name="INDEX" type="INTEGER">
				<constraints nullable="false"/>
			</column>
			<!-- begin/eind-datum? -->

			<column name="NAAM" type="VARCHAR(100)">
				<constraints nullable="false"/>
			</column>
			<column name="SCHAAL" type="VARCHAR(10)">
				<constraints nullable="false"/>
			</column>
			<column name="COMPETENTIES" type="VARCHAR(200)">
				<constraints nullable="false"/>
			</column>
		</createTable>
    </changeSet>

    <changeSet author="hubem00" id="012-functiegroep-primarykey">
		<addPrimaryKey columnNames="ID" constraintName="PK_FUNCTIEGROEP" tableName="FUNCTIEGROEP"/>
	</changeSet>

	<changeSet author="hubem00" id="012-functiegroep-role">
		<sql>
			GRANT SELECT ON FUNCTIEGROEP TO ROLE APP;
			GRANT INSERT ON FUNCTIEGROEP TO ROLE APP;
			GRANT UPDATE ON FUNCTIEGROEP TO ROLE APP;
			GRANT DELETE ON FUNCTIEGROEP TO ROLE APP;
		</sql>
		<rollback>
			REVOKE ALL ON FUNCTIEGROEP FROM ROLE APP;
		</rollback>
	</changeSet>
</databaseChangeLog>
