<?xml version="1.0" encoding="UTF-8" standalone="no"?>
<databaseChangeLog xmlns:xsi="http://www.w3.org/2001/XMLSchema-instance" xmlns="http://www.liquibase.org/xml/ns/dbchangelog"
    xsi:schemaLocation="http://www.liquibase.org/xml/ns/dbchangelog http://www.liquibase.org/xml/ns/dbchangelog/dbchangelog-3.4.xsd">

    <!-- Inhoud van Excel sheet Kwaliteitsraamwerk I(v), kolommen G - S -->

    <changeSet author="hubem00" id="014-kennisgebied-table">
		<createTable tablespace="${tablespace}" tableName="KENNISGEBIED">
			<column name="ID" type="INTEGER" autoIncrement="true">
				<constraints nullable="false"/>
			</column>
			<column name="INDEX" type="INTEGER">
				<constraints nullable="false"/>
			</column>
			<!-- begin/eind-datum? -->
			<column name="KWALITEITENPROFIEL_ID" type="INTEGER">
			</column>

			<column name="NAAM" type="VARCHAR(100)">
				<constraints nullable="false"/>
			</column>
			<column name="CERTIFICATEN" type="VARCHAR(200)">
				<constraints nullable="false"/>
			</column>
		</createTable>
    </changeSet>

    <changeSet author="hubem00" id="014-kennisgebied-primarykey">
		<addPrimaryKey columnNames="ID" constraintName="PK_KENNISGEBIED" tableName="KENNISGEBIED"/>
	</changeSet>

    <changeSet author="hubem00" id="014-kennisgebied-foreignkey">
		<addForeignKeyConstraint baseColumnNames="KWALITEITENPROFIEL_ID" baseTableName="KENNISGEBIED" constraintName="FK_KENNISGEBIED_KWALITEITENPROFIEL" referencedColumnNames="ID" referencedTableName="KWALITEITENPROFIEL"/>
	</changeSet>

	<changeSet author="hubem00" id="014-kennisgebied-role">
		<sql>
			GRANT SELECT ON KENNISGEBIED TO ROLE APP;
			GRANT INSERT ON KENNISGEBIED TO ROLE APP;
			GRANT UPDATE ON KENNISGEBIED TO ROLE APP;
			GRANT DELETE ON KENNISGEBIED TO ROLE APP;
		</sql>
		<rollback>
			REVOKE ALL ON KENNISGEBIED FROM ROLE APP;
		</rollback>
	</changeSet>
</databaseChangeLog>
