<?xml version="1.0" encoding="UTF-8" standalone="no"?>
<databaseChangeLog xmlns:xsi="http://www.w3.org/2001/XMLSchema-instance" xmlns="http://www.liquibase.org/xml/ns/dbchangelog"
    xsi:schemaLocation="http://www.liquibase.org/xml/ns/dbchangelog http://www.liquibase.org/xml/ns/dbchangelog/dbchangelog-3.4.xsd">

    <!-- Inhoud van Excel sheet Info VOG Items, kolommen A + B -->

    <changeSet author="hubem00" id="015-verklaringomtrentgedrag-table">
		<createTable tablespace="${tablespace}" tableName="VERKLARINGOMTRENTGEDRAG">
			<column name="ID" type="INTEGER" autoIncrement="true">
				<constraints nullable="false"/>
			</column>
			<column name="INDEX" type="INTEGER">
				<constraints nullable="false"/>
			</column>
			<!-- begin/eind-datum? -->

			<column name="CODE" type="VARCHAR(10)">
				<constraints nullable="false"/>
			</column>
			<column name="NAAM" type="VARCHAR(200)">
				<constraints nullable="false"/>
			</column>
		</createTable>
    </changeSet>

    <changeSet author="hubem00" id="015-verklaringomtrentgedrag-primarykey">
		<addPrimaryKey columnNames="ID" constraintName="PK_VERKLARINGOMTRENTGEDRAG" tableName="VERKLARINGOMTRENTGEDRAG"/>
	</changeSet>

	<changeSet author="hubem00" id="015-verklaringomtrentgedrag-role">
		<sql>
			GRANT SELECT ON VERKLARINGOMTRENTGEDRAG TO ROLE APP;
			GRANT INSERT ON VERKLARINGOMTRENTGEDRAG TO ROLE APP;
			GRANT UPDATE ON VERKLARINGOMTRENTGEDRAG TO ROLE APP;
			GRANT DELETE ON VERKLARINGOMTRENTGEDRAG TO ROLE APP;
		</sql>
		<rollback>
			REVOKE ALL ON VERKLARINGOMTRENTGEDRAG FROM ROLE APP;
		</rollback>
	</changeSet>
</databaseChangeLog>
