<?xml version="1.0" encoding="UTF-8" standalone="no"?>
<databaseChangeLog xmlns:xsi="http://www.w3.org/2001/XMLSchema-instance" xmlns="http://www.liquibase.org/xml/ns/dbchangelog"
    xsi:schemaLocation="http://www.liquibase.org/xml/ns/dbchangelog http://www.liquibase.org/xml/ns/dbchangelog/dbchangelog-3.4.xsd">

    <changeSet author="hubem00" id="054-aanvraag-kennisgebied-table">
		<createTable tablespace="${tablespace}" tableName="AANVRAAG_KENNISGEBIED">
			<column name="ID" type="INTEGER" autoIncrement="true">
				<constraints nullable="false"/>
			</column>
			<column name="INDEX" type="INTEGER">
				<constraints nullable="false"/>
			</column>

			<column name="AANVRAAG_ID" type="INTEGER">
				<constraints nullable="false"/>
			</column>
			<column name="KENNISGEBIED_ID" type="INTEGER">
				<constraints nullable="false"/>
			</column>
			<column name="OPLEIDINGCERTIFICATEN" type="VARCHAR(200)">
			</column>
		</createTable>
    </changeSet>

    <changeSet author="hubem00" id="054-aanvraag-kennisgebied-primarykey">
		<addPrimaryKey columnNames="ID" constraintName="PK_AANVRAAG_KENNISGEBIED" tableName="AANVRAAG_KENNISGEBIED"/>
	</changeSet>

    <changeSet author="hubem00" id="054-aanvraag-kennisgebied-foreignkey">
		<addForeignKeyConstraint baseColumnNames="AANVRAAG_ID" baseTableName="AANVRAAG_KENNISGEBIED" constraintName="FK_AANVRAAG_KENNISGEBIED_AANVRAAG" referencedColumnNames="ID" referencedTableName="AANVRAAG"/>
		<addForeignKeyConstraint baseColumnNames="KENNISGEBIED_ID" baseTableName="AANVRAAG_KENNISGEBIED" constraintName="FK_AANVRAAG_KENNISGEBIED_KENNISGEBIED" referencedColumnNames="ID" referencedTableName="KENNISGEBIED"/>
	</changeSet>

	<changeSet author="hubem00" id="054-aanvraag-kennisgebied-role">
		<sql>
			GRANT SELECT ON AANVRAAG_KENNISGEBIED TO ROLE APP;
			GRANT INSERT ON AANVRAAG_KENNISGEBIED TO ROLE APP;
			GRANT UPDATE ON AANVRAAG_KENNISGEBIED TO ROLE APP;
			GRANT DELETE ON AANVRAAG_KENNISGEBIED TO ROLE APP;
		</sql>
		<rollback>
			REVOKE ALL ON AANVRAAG_KENNISGEBIED FROM ROLE APP;
		</rollback>
	</changeSet>
</databaseChangeLog>
