<?xml version="1.0" encoding="UTF-8" standalone="no"?>
<databaseChangeLog xmlns:xsi="http://www.w3.org/2001/XMLSchema-instance" xmlns="http://www.liquibase.org/xml/ns/dbchangelog"
    xsi:schemaLocation="http://www.liquibase.org/xml/ns/dbchangelog http://www.liquibase.org/xml/ns/dbchangelog/dbchangelog-3.4.xsd">

    <changeSet author="hubem00" id="055-aanvraag-kwaliteitenprofiel-table">
		<createTable tablespace="${tablespace}" tableName="AANVRAAG_KWALITEITENPROFIEL">
			<column name="ID" type="INTEGER" autoIncrement="true">
				<constraints nullable="false"/>
			</column>
			<column name="INDEX" type="INTEGER">
				<constraints nullable="false"/>
			</column>

			<column name="AANVRAAG_ID" type="INTEGER">
				<constraints nullable="false"/>
			</column>
			<column name="KWALITEITENPROFIEL_ID" type="INTEGER">
				<constraints nullable="false"/>
			</column>
			<column name="OPLEIDINGCERTIFICATEN" type="VARCHAR(200)">
			</column>
		</createTable>
    </changeSet>

    <changeSet author="hubem00" id="055-aanvraag-kwaliteitenprofiel-primarykey">
		<addPrimaryKey columnNames="ID" constraintName="PK_AANVRAAG_KWALITEITENPROFIEL" tableName="AANVRAAG_KWALITEITENPROFIEL"/>
	</changeSet>

    <changeSet author="hubem00" id="055-aanvraag-kwaliteitenprofiel-foreignkey">
		<addForeignKeyConstraint baseColumnNames="AANVRAAG_ID" baseTableName="AANVRAAG_KWALITEITENPROFIEL" constraintName="FK_AANVRAAG_KWALITEITENPROFIEL_AANVRAAG" referencedColumnNames="ID" referencedTableName="AANVRAAG"/>
		<addForeignKeyConstraint baseColumnNames="KWALITEITENPROFIEL_ID" baseTableName="AANVRAAG_KWALITEITENPROFIEL" constraintName="FK_AANVRAAG_KWALITEITENPROFIEL_KWALITEITENPROFIEL" referencedColumnNames="ID" referencedTableName="KWALITEITENPROFIEL"/>
	</changeSet>

	<changeSet author="hubem00" id="055-aanvraag-kwaliteitenprofiel-role">
		<sql>
			GRANT SELECT ON AANVRAAG_KWALITEITENPROFIEL TO ROLE APP;
			GRANT INSERT ON AANVRAAG_KWALITEITENPROFIEL TO ROLE APP;
			GRANT UPDATE ON AANVRAAG_KWALITEITENPROFIEL TO ROLE APP;
			GRANT DELETE ON AANVRAAG_KWALITEITENPROFIEL TO ROLE APP;
		</sql>
		<rollback>
			REVOKE ALL ON AANVRAAG_KWALITEITENPROFIEL FROM ROLE APP;
		</rollback>
	</changeSet>
</databaseChangeLog>
