{
    "type": "object",
    "properties": {
        "activiteiten": {
            "type": "array",
            "items": {
                "type": "object",
                "properties": {
                    "afwijkendePeriodeEinde": {"type": "string"},
                    "afwijkendePeriodeStart": {"type": "string"},
                    "middel": {"type": "string"},
                    "subnummer": {"type": "integer", "format": "int64"},
                },
                "title": "BatActiviteit",
            },
        },
        "afwijkendePeriodeEinde": {"type": "string"},
        "afwijkendePeriodeStart": {"type": "string"},
        "subject": {"type": "integer", "format": "int64"},
    },
    "title": "BatPersoon",
}
