{
    "type": "object",
    "properties": {
        "behandelActiviteitCode": {"type": "string"},
        "behandelaars": {"type": "array", "items": {"type": "string"}},
        "behandelactiviteit": {"type": "string"},
        "bsnRsin": {"type": "string"},
        "id": {"type": "string"},
        "middel": {"type": "string"},
        "naam": {"type": "string"},
        "personen": {
            "type": "array",
            "items": {
                "type": "object",
                "properties": {
                    "activiteiten": {
                        "type": "array",
                        "items": {
                            "type": "object",
                            "properties": {
                                "afwijkendePeriodeEinde": {"type": "string"},
                                "afwijkendePeriodeStart": {"type": "string"},
                                "middel": {"type": "string"},
                                "subnummer": {"type": "integer", "format": "int64"},
                            },
                            "title": "BatActiviteit",
                        },
                    },
                    "afwijkendePeriodeEinde": {"type": "string"},
                    "afwijkendePeriodeStart": {"type": "string"},
                    "subject": {"type": "integer", "format": "int64"},
                },
                "title": "BatPersoon",
            },
        },
        "status": {"type": "string"},
        "subjectType": {"type": "string"},
        "voorstelType": {"type": "string"},
    },
    "title": "BehandelActiviteit",
}
