{
    "type": "object",
    "properties": {
        "kenmerk": {"type": "string"},
        "uitkomsten": {
            "type": "array",
            "items": {
                "type": "object",
                "properties": {
                    "beschrijving": {"type": "string"},
                    "kenmerkId": {"type": "integer", "format": "int32"},
                    "score": {"type": "integer", "format": "int32"},
                    "strategie": {"type": "integer", "format": "int32"},
                    "toelichting": {"type": "string"},
                },
                "title": "ComplianceUitkomst",
            },
        },
    },
    "title": "ComplianceAankomendeKlantsessieDto",
}
