{
    "type": "object",
    "properties": {
        "adres": {"type": "string"},
        "bestuurlijkVerband": {"type": "string"},
        "brancheCode": {"type": "integer", "format": "int64"},
        "brancheNaam": {"type": "string"},
        "convenantIndicatie": {"type": "string"},
        "formatiedat": {"type": "string", "format": "date"},
        "kantoorCode": {"type": "string"},
        "kantoorNaam": {"type": "string"},
        "klantCoordinator": {"type": "string"},
        "klantGroep": {"type": "string"},
        "klantpakket": {"type": "string"},
        "naam": {"type": "string"},
        "nummer": {"type": "integer", "format": "int64"},
        "ontbinddat": {"type": "string", "format": "date"},
        "teamCode": {"type": "string"},
        "teamNaam": {"type": "string"},
    },
    "title": "Entiteit",
}
