{
    "type": "object",
    "properties": {
        "beheersing": {"type": "integer", "format": "int32"},
        "entiteitMiddelKenmerkId": {"type": "integer", "format": "int64"},
        "entiteitNummer": {"type": "integer", "format": "int64"},
        "hoofdRisicoId": {"type": "integer", "format": "int64"},
        "id": {"type": "integer", "format": "int64"},
        "keyRisk": {"type": "integer", "format": "int32"},
        "rank": {"type": "integer", "format": "int64"},
        "statusId": {"type": "integer", "format": "int64"},
        "subRisicoId": {"type": "integer", "format": "int64"},
    },
    "title": "EntiteitMiddelRisico",
}
