{
    "type": "object",
    "properties": {
        "beheersing": {"type": "integer", "format": "int32"},
        "entiteitMiddelKenmerkId": {"type": "integer", "format": "int64"},
        "entiteitNummer": {"type": "integer", "format": "int64"},
        "hoofdRisicoId": {"type": "integer", "format": "int64"},
        "id": {"type": "integer", "format": "int64"},
        "keyRisk": {"type": "integer", "format": "int32"},
        "middelKenmerk": {
            "type": "object",
            "properties": {
                "id": {"type": "integer", "format": "int64"},
                "kenmerk": {"type": "string"},
                "middelId": {"type": "integer", "format": "int32"},
                "parentId": {"type": "integer", "format": "int64"},
            },
            "title": "MiddelKenmerk",
        },
        "rank": {"type": "integer", "format": "int64"},
        "statusId": {"type": "integer", "format": "int64"},
        "subRisicoId": {"type": "integer", "format": "int64"},
    },
    "title": "EntiteitMiddelRisicoDto",
}
