{
    "type": "object",
    "properties": {
        "created": {"type": "string", "format": "date-time"},
        "email": {"type": "string"},
        "id": {"type": "integer", "format": "int64"},
        "melding": {"type": "string"},
        "naam": {"type": "string"},
        "pagina": {"type": "string"},
        "rollen": {"type": "string"},
        "userId": {"type": "string"},
        "versionInfo": {"type": "string"},
        "versionInformation": {
            "type": "object",
            "properties": {
                "application": {"type": "string"},
                "buildNumber": {"type": "string"},
                "buildTime": {"type": "string"},
                "version": {"type": "string"},
                "versionInformation": {"type": "string"},
            },
            "title": "VersionInformation",
        },
    },
    "title": "Feedback",
}
