{
    "type": "object",
    "properties": {
        "compositeId": {
            "type": "object",
            "properties": {
                "middelKenmerkId": {"type": "integer", "format": "int64"},
                "middelRisicoId": {"type": "integer", "format": "int64"},
            },
            "title": "KenmerkRisicosKoppelingCompositeId",
        },
        "middelKenmerk": {
            "type": "object",
            "properties": {
                "id": {"type": "integer", "format": "int64"},
                "kenmerk": {"type": "string"},
                "middelId": {"type": "integer", "format": "int32"},
                "parentId": {"type": "integer", "format": "int64"},
            },
            "title": "MiddelKenmerk",
        },
        "middelRisico": {
            "type": "object",
            "properties": {
                "id": {"type": "integer", "format": "int64"},
                "middelId": {"type": "integer", "format": "int32"},
                "parentId": {"type": "integer", "format": "int64"},
                "rank": {"type": "integer", "format": "int64"},
                "risico": {"type": "string"},
            },
            "title": "MiddelRisico",
        },
    },
    "title": "KenmerkRisicosKoppeling",
}
