{
    "type": "object",
    "properties": {
        "kenmerk": {
            "type": "object",
            "properties": {
                "groep": {"type": "string"},
                "id": {"type": "integer", "format": "int32"},
                "kenmerk": {"type": "string"},
                "kenmerkParentId": {"type": "integer", "format": "int32"},
            },
            "title": "Kenmerk",
        },
        "kenmerkChildren": {
            "type": "array",
            "items": {
                "type": "object",
                "properties": {
                    "kenmerk": {
                        "type": "object",
                        "properties": {
                            "groep": {"type": "string"},
                            "id": {"type": "integer", "format": "int32"},
                            "kenmerk": {"type": "string"},
                            "kenmerkParentId": {"type": "integer", "format": "int32"},
                        },
                        "title": "Kenmerk",
                    },
                    "score": {"type": "integer", "format": "int32"},
                    "toelichting": {"type": "string"},
                },
                "title": "KenmerkChild",
            },
        },
    },
    "title": "KenmerkParent",
}
