{
    "type": "object",
    "properties": {
        "klantsessieId": {"type": "integer", "format": "int64"},
        "lastKlantSessieDate": {"type": "string", "format": "date-time"},
        "middel": {
            "type": "object",
            "properties": {
                "groep": {"type": "string"},
                "id": {"type": "integer", "format": "int32"},
                "kenmerk": {"type": "string"},
                "kenmerkParentId": {"type": "integer", "format": "int32"},
            },
            "title": "Kenmerk",
        },
        "resultaatByKenmerkId": {
            "type": "object",
            "additionalProperties": {
                "type": "object",
                "properties": {
                    "kenmerk": {
                        "type": "object",
                        "properties": {
                            "groep": {"type": "string"},
                            "id": {"type": "integer", "format": "int32"},
                            "kenmerk": {"type": "string"},
                            "kenmerkParentId": {"type": "integer", "format": "int32"},
                        },
                        "title": "Kenmerk",
                    },
                    "score": {"type": "integer", "format": "int32"},
                    "toelichting": {"type": "string"},
                },
                "title": "KenmerkChild",
            },
        },
    },
    "title": "KlantsessieResultaatEntryDto",
}
