{
    "type": "object",
    "properties": {
        "actGebaseerdGehoudenKlantsessie": {"type": "boolean"},
        "controlePlaatsgevonden": {"type": "boolean"},
        "einddatum": {"type": "string", "format": "date-time"},
        "entiteitNummer": {"type": "integer", "format": "int64"},
        "id": {"type": "integer", "format": "int64"},
        "startdatum": {"type": "string", "format": "date-time"},
        "toelichtingGehoudenKlantsessie": {"type": "string"},
        "zichtOpOrganisatieEnFiscaliteitPerMiddel": {
            "type": "object",
            "additionalProperties": {
                "type": "object",
                "properties": {
                    "klantsessieId": {"type": "integer", "format": "int64"},
                    "middelId": {"type": "integer", "format": "int32"},
                    "observaties": {"type": "string"},
                    "vorigeObservatiesNogActueel": {"type": "boolean"},
                },
                "title": "KlantsessieZooef",
            },
        },
    },
    "title": "Klantsessie",
}
