{
    "type": "object",
    "properties": {
        "complianceStatus": {
            "type": "string",
            "enum": ["DISABLED", "INITIAL", "TOUCHED", "COMPLETED", "DONE"],
        },
        "klantsessieId": {"type": "integer", "format": "int64"},
        "middelId": {"type": "integer", "format": "int32"},
        "strategieStatus": {
            "type": "string",
            "enum": ["DISABLED", "INITIAL", "TOUCHED", "COMPLETED", "DONE"],
        },
        "voorbereidingAfgerond": {"type": "boolean"},
        "voorbereidingAfrondenStatus": {
            "type": "string",
            "enum": ["DISABLED", "INITIAL", "TOUCHED", "COMPLETED", "DONE"],
        },
        "zooefStatus": {
            "type": "string",
            "enum": ["DISABLED", "INITIAL", "TOUCHED", "COMPLETED", "DONE"],
        },
    },
    "title": "KlantsessieStatus",
}
