{
    "type": "object",
    "properties": {
        "klantsessieId": {"type": "integer", "format": "int64"},
        "middelId": {"type": "integer", "format": "int32"},
        "middelRisico": {
            "type": "object",
            "properties": {
                "id": {"type": "integer", "format": "int64"},
                "middelId": {"type": "integer", "format": "int32"},
                "parentId": {"type": "integer", "format": "int64"},
                "rank": {"type": "integer", "format": "int64"},
                "risico": {"type": "string"},
            },
            "title": "MiddelRisico",
        },
        "risicoId": {"type": "integer", "format": "int64"},
    },
    "title": "KlantsessieStrategieRisico",
}
