{
    "type": "object",
    "properties": {
        "loggingId": {"type": "string"},
        "wrappedObject": {
            "type": "object",
            "properties": {
                "changed": {"type": "string", "format": "date-time"},
                "entiteit": {"type": "integer", "format": "int64"},
                "id": {"type": "string"},
                "txt": {"type": "string"},
                "userId": {"type": "string"},
            },
            "title": "Helptext",
        },
    },
    "title": "LoggingWrapperHelptext",
}
