{
    "type": "object",
    "properties": {
        "loggingId": {"type": "string"},
        "wrappedObject": {
            "type": "object",
            "properties": {
                "bezwaren": {"type": "integer", "format": "int32"},
                "heffing": {"type": "integer", "format": "int32"},
                "klantsessieId": {"type": "integer", "format": "int64"},
                "middelId": {"type": "integer", "format": "int32"},
                "vooroverleg": {"type": "integer", "format": "int32"},
            },
            "title": "PerProcesDto",
        },
    },
    "title": "LoggingWrapperPerProcesDto",
}
