{
    "type": "object",
    "properties": {
        "loggingId": {"type": "string"},
        "wrappedObject": {
            "type": "array",
            "items": {
                "type": "object",
                "properties": {
                    "entiteitNummer": {"type": "integer", "format": "int64"},
                    "hoofdKenmerkId": {"type": "integer", "format": "int64"},
                    "id": {"type": "integer", "format": "int64"},
                    "rank": {"type": "integer", "format": "int64"},
                    "subKenmerk1Id": {"type": "integer", "format": "int64"},
                    "subKenmerk2Id": {"type": "integer", "format": "int64"},
                    "subKenmerk3Id": {"type": "integer", "format": "int64"},
                },
                "title": "EntiteitMiddelKenmerk",
            },
        },
    },
    "title": "LoggingWrapperListEntiteitMiddelKenmerk",
}
