{
    "type": "object",
    "properties": {
        "loggingId": {"type": "string"},
        "wrappedObject": {
            "type": "object",
            "properties": {
                "entiteitKenmerken2Remove": {
                    "type": "array",
                    "items": {
                        "type": "object",
                        "properties": {
                            "groep": {"type": "string"},
                            "id": {"type": "integer", "format": "int32"},
                            "kenmerk": {"type": "string"},
                            "kenmerkParentId": {"type": "integer", "format": "int32"},
                            "values": {"type": "boolean"},
                        },
                        "title": "KenmerkWithValuesDto",
                    },
                },
                "entiteitKenmerken2Save": {
                    "type": "array",
                    "items": {
                        "type": "object",
                        "properties": {
                            "groep": {"type": "string"},
                            "id": {"type": "integer", "format": "int32"},
                            "kenmerk": {"type": "string"},
                            "kenmerkParentId": {"type": "integer", "format": "int32"},
                            "values": {"type": "boolean"},
                        },
                        "title": "KenmerkWithValuesDto",
                    },
                },
            },
            "title": "KenmerkUpdateBody",
        },
    },
    "title": "LoggingWrapperKenmerkUpdateBody",
}
