{
    "type": "object",
    "properties": {
        "loggingId": {"type": "string"},
        "wrappedObject": {
            "type": "object",
            "properties": {
                "klantsessieId": {"type": "integer", "format": "int64"},
                "korteTermijn": {"type": "string"},
                "middelId": {"type": "integer", "format": "int32"},
                "middellangeTermijn": {"type": "string"},
            },
            "title": "KlantsessieStrategieDto",
        },
    },
    "title": "LoggingWrapperKlantsessieStrategieDto",
}
