{
    "type": "object",
    "properties": {
        "loggingId": {"type": "string"},
        "wrappedObject": {
            "type": "object",
            "properties": {
                "aantalBezwarenVerzoekenEnBeroepen": {
                    "type": "integer",
                    "format": "int32",
                },
                "aantalBsnRsinsInEntiteit": {"type": "integer", "format": "int32"},
                "aantalBuitenlandseDeelnemingen": {
                    "type": "integer",
                    "format": "int32",
                },
                "aantalVasteInrichtingen": {"type": "integer", "format": "int32"},
                "belastingschuld": {"type": "integer"},
                "entiteitNummer": {"type": "integer", "format": "int64"},
                "lastUpdated": {"type": "string", "format": "date-time"},
                "lastUpdatedByUserId": {"type": "string"},
                "totaalBetalingenJaarX": {"type": "integer"},
                "totaalBetalingenJaarXMin1": {"type": "integer"},
                "totaalBetalingenJaarXMin2": {"type": "integer"},
                "totaleVrijgesteldeOmzet": {"type": "integer"},
                "totalenAanslagenPerJaarVpb": {"type": "integer"},
                "totalenPerJaarLhAantalLoongerechtigden": {"type": "integer"},
                "totalenPerJaarLhTotaalLoonsom": {"type": "integer"},
                "totalenPerJaarOb": {"type": "integer"},
                "wolbSom": {"type": "number"},
            },
            "title": "ZooOmvang",
        },
    },
    "title": "LoggingWrapperZooOmvang",
}
