{
    "type": "object",
    "properties": {
        "beheersing": {"type": "integer", "format": "int32"},
        "currentId": {"type": "integer", "format": "int64"},
        "hoofdRisicoId": {"type": "integer", "format": "int64"},
        "kenmerkId": {"type": "integer", "format": "int64"},
        "keyRisk": {"type": "integer", "format": "int32"},
        "statusId": {"type": "integer", "format": "int64"},
        "subRisicoId": {"type": "integer", "format": "int64"},
    },
    "title": "MiddelSpecifiekeRisicoSelectionDto",
}
