{
    "type": "object",
    "properties": {
        "id": {"type": "integer", "format": "int32"},
        "items": {
            "type": "array",
            "items": {
                "type": "object",
                "properties": {
                    "groep": {"type": "string"},
                    "id": {"type": "integer", "format": "int32"},
                    "kenmerk": {"type": "string"},
                    "kenmerkParentId": {"type": "integer", "format": "int32"},
                },
                "title": "Kenmerk",
            },
        },
        "label": {"type": "string"},
    },
    "title": "MultiSelectKenmerk",
}
