{
    "type": "object",
    "properties": {
        "offset": {"type": "integer", "format": "int64"},
        "pageNumber": {"type": "integer", "format": "int32"},
        "pageSize": {"type": "integer", "format": "int32"},
        "paged": {"type": "boolean"},
        "sort": {
            "type": "object",
            "properties": {
                "empty": {"type": "boolean"},
                "sorted": {"type": "boolean"},
                "unsorted": {"type": "boolean"},
            },
            "title": "Sort",
        },
        "unpaged": {"type": "boolean"},
    },
    "title": "Pageable",
}
