{
    "type": "object",
    "properties": {
        "content": {
            "type": "array",
            "items": {
                "type": "object",
                "properties": {
                    "aanvullingen": {
                        "type": "array",
                        "items": {
                            "type": "object",
                            "properties": {
                                "groep": {"type": "string"},
                                "id": {"type": "integer", "format": "int32"},
                                "kenmerk": {"type": "string"},
                                "kenmerkParentId": {
                                    "type": "integer",
                                    "format": "int32",
                                },
                            },
                            "title": "Kenmerk",
                        },
                    },
                    "beginDatum": {"type": "string"},
                    "brancheCode": {"type": "string"},
                    "bsnRsin": {"type": "integer", "format": "int64"},
                    "eindDatum": {"type": "string"},
                    "naam": {"type": "string"},
                    "plaats": {"type": "string"},
                    "soortPersoon": {"type": "string"},
                },
                "title": "ZooSubEntiteit",
            },
        },
        "empty": {"type": "boolean"},
        "first": {"type": "boolean"},
        "last": {"type": "boolean"},
        "number": {"type": "integer", "format": "int32"},
        "numberOfElements": {"type": "integer", "format": "int32"},
        "pageable": {
            "type": "object",
            "properties": {
                "offset": {"type": "integer", "format": "int64"},
                "pageNumber": {"type": "integer", "format": "int32"},
                "pageSize": {"type": "integer", "format": "int32"},
                "paged": {"type": "boolean"},
                "sort": {
                    "type": "object",
                    "properties": {
                        "empty": {"type": "boolean"},
                        "sorted": {"type": "boolean"},
                        "unsorted": {"type": "boolean"},
                    },
                    "title": "Sort",
                },
                "unpaged": {"type": "boolean"},
            },
            "title": "Pageable",
        },
        "size": {"type": "integer", "format": "int32"},
        "sort": {
            "type": "object",
            "properties": {
                "empty": {"type": "boolean"},
                "sorted": {"type": "boolean"},
                "unsorted": {"type": "boolean"},
            },
            "title": "Sort",
        },
        "totalElements": {"type": "integer", "format": "int64"},
        "totalPages": {"type": "integer", "format": "int32"},
    },
    "title": "PageZooSubEntiteit",
}
