{
    "type": "object",
    "properties": {
        "aanvullingen": {
            "type": "array",
            "items": {
                "type": "object",
                "properties": {
                    "groep": {"type": "string"},
                    "id": {"type": "integer", "format": "int32"},
                    "kenmerk": {"type": "string"},
                    "kenmerkParentId": {"type": "integer", "format": "int32"},
                },
                "title": "Kenmerk",
            },
        },
        "beginDatum": {"type": "string"},
        "brancheCode": {"type": "string"},
        "bsnRsin": {"type": "integer", "format": "int64"},
        "eindDatum": {"type": "string"},
        "naam": {"type": "string"},
        "plaats": {"type": "string"},
        "soortPersoon": {"type": "string"},
    },
    "title": "ZooSubEntiteit",
}
