<?xml version="1.0" encoding="UTF-8"?>
<ejb-jar-bnd xmlns:xsi="http://www.w3.org/2001/XMLSchema-instance"
             xmlns="http://websphere.ibm.com/xml/ns/javaee"
             xsi:schemaLocation="http://websphere.ibm.com/xml/ns/javaee http://websphere.ibm.com/xml/ns/javaee/ibm-ejb-jar-bnd_1_1.xsd"
             version="1.1">

    <session name="AuditTrailService" simple-binding-name="ejblocal:AuditTrailService-bnd"/>
    <session name="DomainService" simple-binding-name="ejblocal:ViewService-bnd"/>
    <session name="PageService" simple-binding-name="ejblocal:PageService-bnd"/>
    <session name="WidgetService" simple-binding-name="ejblocal:WidgetService-bnd"/>
    <session name="SubjectService" simple-binding-name="ejblocal:SubjectService-bnd"/>
    <session name="RelationService" simple-binding-name="ejblocal:RelationService-bnd"/>
    <session name="FeedbackService" simple-binding-name="ejblocal:FeedbackService-bnd"/>
    <session name="EventService" simple-binding-name="ejblocal:EventService-bnd"/>
    <session name="NotificationService" simple-binding-name="ejblocal:NotificationService-bnd"/>
    <session name="ReleaseNoteService" simple-binding-name="ejblocal:ReleaseNoteService-bnd"/>
    <session name="SystemService" simple-binding-name="ejblocal:SystemService-bnd"/>

    <session name="ConfigurationFactory" simple-binding-name="ejblocal:ConfigurationFactory-bnd" />
    <session name="UserFactory" simple-binding-name="ejblocal:UserFactory-bnd" />
    <session name="PermissionFactory" simple-binding-name="ejblocal:PermissionFactory-bnd" />
    <session name="NotificationFactory" simple-binding-name="ejblocal:NotificationFactory-bnd" />
    <session name="ReleaseNoteFactory" simple-binding-name="ejblocal:ReleaseNoteFactory-bnd" />
    <session name="MonitorFactory" simple-binding-name="ejblocal:MonitorFactory-bnd" />
</ejb-jar-bnd>
