<?xml version="1.0" encoding="UTF-8"?>
<settings xmlns:xsi="http://www.w3.org/2001/XMLSchema-instance"
          xmlns="http://maven.apache.org/POM/4.0.0"
          xsi:schemaLocation="http://maven.apache.org/POM/4.0.0 http://maven.apache.org/xsd/settings-1.0.0.xsd">
    <servers>
        <server>
            <id>ywb.release</id>
            <username>user.ywb</username>
            <password>${env.NEXUS_PASSWORD}</password>
        </server>
    </servers>

    <mirrors>
        <mirror>
            <id>belastingdienst.repo</id>
            <mirrorOf>*,!spring-milestones,!spring-snapshots</mirrorOf>
            <url>https://nexus.belastingdienst.nl/nexus/repository/repo</url>
        </mirror>
    </mirrors>
    <pluginGroups>
        <pluginGroup>org.sonarsource.scanner.maven</pluginGroup>
    </pluginGroups>
    <profiles>
        <profile>
            <id>jos</id>
            <activation>
                <activeByDefault>true</activeByDefault>
            </activation>
            <properties>
                <!-- Optional URL to server. Default value is http://localhost:9000 -->
                <sonar.host.url>https://qmp.belastingdienst.nl/sonar</sonar.host.url>
                <sonar.login>07782ba8c06356528b53d8ca5fc115370296c66d</sonar.login>
            </properties>
        </profile>
    </profiles>
</settings>
