<?xml version="1.0" encoding="UTF-8"?>
<Configuration>
    <Properties>
<!--        <Property name="url">${bundle:application:splunk.url}</Property>-->
<!--        <Property name="token">${bundle:application:splunk.token}</Property>-->
<!--        <Property name="service">${bundle:application:splunk.service}</Property>-->
        <Property name="loglevel.nl">$${env:logging.level.nl:-${bundle:application:logging.level.nl}}</Property>
        <Property name="loglevel.root">$${env:logging.level.root:-${bundle:application:logging.level.root}}</Property>

    </Properties>
    <Appenders>
        <Splunk name="SplunkAppender" url="${url}" token="${token}" service="${service}">
            <PatternLayout>
                <pattern>MM %-5p %m%n</pattern>
            </PatternLayout>
        </Splunk>
        <Console name="Console">
            <PatternLayout>
                <pattern>%d{yyyy-MM-dd HH:mm:ss.SSS} %-5p [%C{-2}.%M()] %m%n</pattern>
            </PatternLayout>
        </Console>
    </Appenders>

    <Loggers>
        <Root>
            <AppenderRef ref="Console" level="${loglevel.root}"/>
            <AppenderRef ref="SplunkAppender" level="${loglevel.root}"/>
        </Root>
        <Logger name="nl" additivity="false">
            <AppenderRef ref="SplunkAppender" level="${loglevel.nl}"/>
            <AppenderRef ref="Console" level="${loglevel.nl}"/>
        </Logger>
    </Loggers>

</Configuration>
