{
  "$schema": "./node_modules/ng-swagger-gen/ng-swagger-gen-schema.json",
  "swagger": "http://localhost:8080/v2/api-docs",
  "output": "src/app/generated",
  "prefix": "Api",
  "ignoreUnusedModels": true,
  "minParamsForContainer": 5,
  "sortParams": "none",
  "defaultTag": "Api",
  "removeStaleFiles": true,
  "modelIndex": true,
  "serviceIndex": true,
  "apiModule": false,
  "enumModule": false,
  "generateExamples": false,
  "camelCase": false,
  "customFileSuffix": {
    "model": "",
    "example": ".example",
    "service": ".service"
  },
  "timeout": 20000,
  "skipProxySetup": false
}